identity,name,data_nascimento,cpf,nome_mae
781.361.413-88@done.msg.net,Wilfredo,null,null,null
298.983.057-50@done.msg.net,Martine,null,null,null
406.972.733-91@done.msg.net,Nikita,null,null,null
755.617.160-87@done.msg.net,Dan,null,null,null
889.928.553-56@done.msg.net,Trudie,null,null,null
265.154.202-05@done.msg.net,Estefania,null,null,null
192.472.587-38@done.msg.net,Arnoldo,null,null,null
856.576.911-94@done.msg.net,Chaya,null,null,null
555.532.522-02@done.msg.net,Reynold,null,null,null
720.898.351-92@done.msg.net,Joan,null,null,null
060.838.972-25@done.msg.net,Enrique,null,null,null
588.443.201-94@done.msg.net,Elenor,null,030.936.579-93,null
383.777.826-86@done.msg.net,Dalton,null,061.788.285-72,null
621.871.550-22@done.msg.net,Ismael,null,null,null
863.171.868-34@done.msg.net,Domenico,null,null,null
672.323.961-40@done.msg.net,Jasmin,null,927.103.055-22,null
160.607.589-26@done.msg.net,Valentine,null,null,null
301.514.330-52@done.msg.net,Clare,null,null,null
000.405.778-98@done.msg.net,Filiberto,null,null,null
534.008.742-47@done.msg.net,Edmond,null,null,null
666.412.863-03@done.msg.net,Edythe,null,null,null
472.533.227-17@done.msg.net,Judge,null,null,null
125.142.753-29@done.msg.net,Alexa,null,null,null
778.070.931-27@done.msg.net,Keshaun,null,null,null
041.278.345-00@done.msg.net,Salvatore,null,null,null
074.958.152-00@done.msg.net,Arely,12/01/2024,735.800.682-98,Marisol
212.060.577-32@done.msg.net,Afton,null,null,null
275.815.254-25@done.msg.net,Mac,null,null,null
273.500.159-81@done.msg.net,Adela,null,null,null
103.031.137-72@done.msg.net,Meta,null,null,null
096.065.148-30@done.msg.net,Donnell,null,null,null
822.307.142-53@done.msg.net,Carmelo,null,395.881.489-14,null
468.098.741-35@done.msg.net,Ruth,null,null,null
978.486.991-31@done.msg.net,Vincenzo,null,null,null
480.565.929-32@done.msg.net,Santino,null,null,null
967.850.394-19@done.msg.net,Eve,null,null,null
072.106.535-63@done.msg.net,Edythe,null,null,null
014.272.918-49@done.msg.net,Ottis,null,null,null
262.419.435-84@done.msg.net,Jasen,null,null,null
305.517.219-91@done.msg.net,Cristian,null,null,null
694.625.732-64@done.msg.net,Thurman,null,985.335.003-25,null
351.548.416-97@done.msg.net,Schuyler,null,588.123.866-06,null
709.456.020-27@done.msg.net,Monserrat,20/09/2023,009.696.962-41,Malika
214.275.117-71@done.msg.net,Dejuan,null,null,null
327.286.492-46@done.msg.net,Kaylah,null,null,null
931.335.569-08@done.msg.net,Efren,null,null,null
634.813.368-76@done.msg.net,Rashad,null,null,null
215.983.870-96@done.msg.net,Vince,null,null,null
941.351.837-41@done.msg.net,Elnora,null,null,null
295.856.387-46@done.msg.net,Valerie,null,null,null
663.522.218-40@done.msg.net,Teresa,null,480.773.376-86,null
840.303.730-32@done.msg.net,Troy,null,null,null
728.408.720-10@done.msg.net,Maryjane,null,293.505.068-09,null
454.117.710-61@done.msg.net,Lina,null,360.466.322-72,null
789.016.323-16@done.msg.net,Lucienne,null,null,null
611.576.269-22@done.msg.net,Jace,null,null,null
927.219.814-90@done.msg.net,Ernesto,null,null,null
806.426.418-25@done.msg.net,Baby,null,null,null
965.611.799-78@done.msg.net,Margie,null,null,null
137.842.388-22@done.msg.net,Arielle,null,null,null
586.253.401-11@done.msg.net,Kailee,null,null,null
305.268.902-64@done.msg.net,Pauline,null,null,null
688.316.466-19@done.msg.net,Marcellus,null,null,null
920.540.464-58@done.msg.net,Clair,null,null,null
830.317.011-94@done.msg.net,Armando,null,null,null
676.228.367-13@done.msg.net,Marguerite,null,null,null
836.321.440-14@done.msg.net,Mikel,null,null,null
164.937.294-36@done.msg.net,Katherine,null,null,null
080.081.722-18@done.msg.net,Korbin,23/08/2023,791.563.428-67,Una
627.966.360-93@done.msg.net,Zetta,23/11/2023,466.748.323-66,Beverly
043.837.164-18@done.msg.net,Brenda,13/10/2023,290.855.645-60,Stephania
547.263.478-01@done.msg.net,Maurine,null,null,null
434.390.185-88@done.msg.net,Else,null,null,null
882.694.043-15@done.msg.net,Emerson,null,null,null
732.943.606-19@done.msg.net,Cleve,null,null,null
932.767.329-95@done.msg.net,Catharine,null,null,null
734.404.197-64@done.msg.net,Sarina,null,275.578.895-60,null
836.624.918-65@done.msg.net,Adrain,null,null,null
340.241.377-57@done.msg.net,Clyde,null,null,null
369.442.203-23@done.msg.net,Tabitha,08/12/2023,880.883.765-65,Estella
697.688.144-17@done.msg.net,Elmira,null,null,null
922.166.977-08@done.msg.net,Sarina,null,null,null
925.187.635-98@done.msg.net,Karlie,null,null,null
657.964.699-39@done.msg.net,Kiarra,null,null,null
714.694.120-92@done.msg.net,Adolfo,null,null,null
533.772.739-29@done.msg.net,Walter,06/12/2023,103.690.065-61,Kirstin
437.748.827-94@done.msg.net,Sydnee,null,null,null
269.935.405-39@done.msg.net,Albina,null,null,null
745.364.815-64@done.msg.net,Jamir,null,null,null
856.959.997-18@done.msg.net,Drew,null,400.171.113-70,null
597.613.867-85@done.msg.net,Floyd,null,null,null
013.029.441-92@done.msg.net,Robin,null,null,null
720.311.660-28@done.msg.net,Rickie,null,null,null
628.763.061-59@done.msg.net,Christa,null,null,null
740.212.344-24@done.msg.net,Haven,null,null,null
650.759.142-72@done.msg.net,Eugene,null,null,null
154.409.119-52@done.msg.net,Christ,null,null,null
977.603.101-35@done.msg.net,Darrel,null,null,null
829.983.139-53@done.msg.net,Emery,null,null,null
835.557.201-39@done.msg.net,Brooklyn,null,null,null
577.090.117-88@done.msg.net,Christian,null,null,null
418.226.439-67@done.msg.net,Frida,20/11/2023,172.822.202-15,Daphney
892.539.289-30@done.msg.net,Taurean,null,null,null
166.119.820-91@done.msg.net,Curt,null,null,null
752.670.280-11@done.msg.net,Greta,null,null,null
760.510.482-26@done.msg.net,Chelsea,null,null,null
194.075.148-37@done.msg.net,Genesis,null,null,null
964.245.373-38@done.msg.net,Herman,28/10/2023,475.334.275-79,Freeman
138.729.624-11@done.msg.net,Patsy,null,null,null
431.013.717-78@done.msg.net,Julius,null,null,null
410.507.568-52@done.msg.net,Dahlia,null,null,null
095.346.418-21@done.msg.net,Kadin,null,null,null
812.538.615-79@done.msg.net,Jarrett,null,null,null
183.493.433-29@done.msg.net,Ben,null,null,null
057.514.707-69@done.msg.net,Aryanna,null,null,null
898.202.793-22@done.msg.net,Jaqueline,null,348.726.457-01,null
689.250.075-83@done.msg.net,Owen,null,null,null
654.223.427-83@done.msg.net,Dean,null,null,null
724.002.019-39@done.msg.net,Elliott,null,null,null
219.368.473-59@done.msg.net,Nasir,null,null,null
365.262.371-22@done.msg.net,Sarina,03/03/2024,752.098.062-32,Wyman
480.138.879-77@done.msg.net,Keenan,null,889.283.661-82,null
372.758.087-68@done.msg.net,Ronny,null,null,null
779.125.317-75@done.msg.net,Abel,null,null,null
246.321.568-66@done.msg.net,Arlo,14/08/2023,544.671.819-72,Herminia
264.827.412-21@done.msg.net,Gloria,null,null,null
550.189.980-93@done.msg.net,Lempi,null,null,null
097.003.828-36@done.msg.net,Triston,null,null,null
082.402.554-44@done.msg.net,Gussie,null,null,null
038.484.883-33@done.msg.net,Julianne,null,null,null
649.592.477-19@done.msg.net,Cesar,null,null,null
370.228.552-39@done.msg.net,Isabell,null,null,null
537.771.374-58@done.msg.net,Mackenzie,null,null,null
823.897.006-42@done.msg.net,Keara,null,null,null
847.086.649-17@done.msg.net,Shirley,null,null,null
631.537.190-47@done.msg.net,Lionel,null,null,null
882.993.166-39@done.msg.net,Haley,null,null,null
502.217.795-14@done.msg.net,Mable,null,null,null
032.989.533-84@done.msg.net,Holden,null,null,null
162.805.779-45@done.msg.net,Chauncey,null,null,null
751.945.465-42@done.msg.net,Chelsea,03/01/2024,856.448.297-10,Emory
472.752.008-16@done.msg.net,Eulalia,null,null,null
243.629.403-07@done.msg.net,Gudrun,null,null,null
565.460.370-94@done.msg.net,Jed,null,null,null
809.593.326-98@done.msg.net,Freeman,null,null,null
293.032.415-72@done.msg.net,Christ,null,null,null
773.016.030-93@done.msg.net,Alejandrin,null,null,null
297.220.402-68@done.msg.net,Damion,null,null,null
400.281.128-62@done.msg.net,Dominique,null,null,null
747.115.130-66@done.msg.net,Bella,null,null,null
895.032.910-49@done.msg.net,Tressa,null,null,null
917.036.712-96@done.msg.net,Janelle,null,null,null
073.354.520-78@done.msg.net,Vern,12/02/2024,421.310.305-22,Ayana
306.399.021-00@done.msg.net,Mallie,null,null,null
585.870.844-79@done.msg.net,Adam,null,null,null
229.491.766-40@done.msg.net,Yasmin,null,null,null
036.391.415-12@done.msg.net,Beau,null,null,null
506.981.956-62@done.msg.net,Lonny,null,null,null
668.554.326-24@done.msg.net,Maybell,13/02/2024,433.856.352-19,Libbie
629.173.194-37@done.msg.net,Karolann,null,null,null
928.581.255-24@done.msg.net,Fannie,null,253.405.362-36,null
767.508.365-39@done.msg.net,Sigrid,null,682.224.469-86,null
610.611.937-69@done.msg.net,Althea,null,null,null
974.561.327-33@done.msg.net,Chad,null,null,null
457.689.662-77@done.msg.net,Madalyn,null,null,null
698.553.308-54@done.msg.net,Dakota,null,null,null
192.003.340-51@done.msg.net,Tomasa,null,null,null
857.759.353-46@done.msg.net,Nia,null,null,null
466.579.597-44@done.msg.net,Loyal,null,null,null
961.532.762-88@done.msg.net,Milford,null,null,null
805.735.744-80@done.msg.net,Crystal,null,null,null
345.016.519-49@done.msg.net,Vilma,14/03/2024,792.659.979-27,Ilene
648.734.164-17@done.msg.net,Ozella,null,null,null
125.819.465-63@done.msg.net,Orie,08/01/2024,325.158.814-28,Jaunita
766.340.225-70@done.msg.net,Arturo,null,null,null
437.191.486-56@done.msg.net,Jose,null,null,null
993.296.217-62@done.msg.net,Winifred,null,null,null
537.098.767-69@done.msg.net,Rhoda,null,441.576.411-31,null
095.042.360-45@done.msg.net,Joyce,null,null,null
253.490.143-64@done.msg.net,Hobart,null,629.100.111-89,null
020.796.001-52@done.msg.net,Esteban,null,null,null
932.578.069-19@done.msg.net,Joshuah,28/04/2024,819.405.321-77,Alford
051.134.416-98@done.msg.net,Drew,null,null,null
700.663.199-85@done.msg.net,Abdul,null,null,null
801.862.758-20@done.msg.net,Gunnar,null,null,null
606.996.604-05@done.msg.net,Emilio,null,null,null
889.221.543-42@done.msg.net,Lilla,null,null,null
231.775.767-20@done.msg.net,Donato,null,846.355.442-30,null
941.371.099-32@done.msg.net,Stephany,null,null,null
938.045.650-59@done.msg.net,Henriette,null,null,null
233.766.542-28@done.msg.net,Grace,null,null,null
057.977.191-88@done.msg.net,Salvatore,null,null,null
199.348.586-87@done.msg.net,Jean,null,null,null
749.235.407-36@done.msg.net,Gladys,null,null,null
322.364.453-76@done.msg.net,Moshe,null,null,null
685.845.980-45@done.msg.net,Tatyana,null,null,null
214.840.387-31@done.msg.net,Dorris,29/12/2023,304.720.183-41,Audrey
874.840.489-40@done.msg.net,Adolphus,null,null,null
875.726.821-85@done.msg.net,Citlalli,null,null,null
763.687.803-45@done.msg.net,Luther,null,null,null
230.164.128-18@done.msg.net,Uriah,null,null,null
841.688.775-43@done.msg.net,Ashleigh,null,null,null
613.697.144-62@done.msg.net,Kyra,null,null,null
852.252.707-69@done.msg.net,Felipe,null,null,null
051.345.292-87@done.msg.net,Caden,null,null,null
463.135.187-38@done.msg.net,Eliza,null,null,null
100.089.344-66@done.msg.net,Adrianna,null,null,null
951.274.321-71@done.msg.net,Sonny,null,null,null
272.628.349-09@done.msg.net,Julian,null,null,null
242.045.561-26@done.msg.net,Peyton,null,null,null
467.147.971-95@done.msg.net,Hayley,null,null,null
283.931.493-81@done.msg.net,Leone,11/07/2023,191.205.401-06,Evan
225.843.288-71@done.msg.net,Claire,null,null,null
694.901.691-91@done.msg.net,Marjolaine,null,null,null
455.539.728-50@done.msg.net,Brown,21/02/2024,425.790.138-57,Haley
700.567.610-44@done.msg.net,Chasity,null,null,null
133.582.760-46@done.msg.net,Rupert,null,null,null
925.407.205-51@done.msg.net,George,null,null,null
119.601.282-12@done.msg.net,Edwardo,null,null,null
672.305.448-93@done.msg.net,Soledad,null,null,null
056.961.878-08@done.msg.net,Jimmie,null,null,null
004.062.155-76@done.msg.net,Wyman,null,null,null
515.451.155-82@done.msg.net,Jovan,null,null,null
986.029.859-19@done.msg.net,Vivien,null,null,null
518.467.159-39@done.msg.net,Guido,null,null,null
364.234.756-32@done.msg.net,Eleanore,null,null,null
507.889.139-70@done.msg.net,Cayla,null,null,null
683.064.033-35@done.msg.net,Elenor,null,null,null
805.610.094-67@done.msg.net,Berniece,null,null,null
756.161.079-80@done.msg.net,Lucile,18/05/2024,693.904.616-29,Roma
848.322.240-14@done.msg.net,Marc,null,902.722.025-80,null
746.555.129-73@done.msg.net,Reinhold,null,null,null
026.534.374-99@done.msg.net,Rowan,null,288.889.684-49,null
394.009.061-37@done.msg.net,Rashawn,null,null,null
660.938.369-60@done.msg.net,Rigoberto,null,null,null
625.541.864-22@done.msg.net,Kelsi,null,325.916.051-76,null
403.512.031-57@done.msg.net,Hermann,null,null,null
340.121.587-53@done.msg.net,Carissa,null,null,null
551.695.083-40@done.msg.net,Carmen,null,null,null
008.918.514-46@done.msg.net,Liliane,null,null,null
566.764.488-33@done.msg.net,Raheem,null,null,null
909.652.748-22@done.msg.net,Cecilia,null,null,null
691.068.527-40@done.msg.net,Geovany,23/11/2023,445.596.179-60,Christelle
572.077.548-48@done.msg.net,Oswald,null,null,null
367.579.559-80@done.msg.net,Glenna,null,null,null
400.733.349-41@done.msg.net,Candice,null,null,null
440.077.647-95@done.msg.net,Helena,null,null,null
824.979.685-20@done.msg.net,Kylie,null,null,null
286.049.316-04@done.msg.net,Jessie,null,null,null
544.040.927-47@done.msg.net,Zelma,null,null,null
462.584.011-46@done.msg.net,Candelario,null,null,null
630.392.690-79@done.msg.net,Jaylon,null,null,null
522.197.714-74@done.msg.net,Angela,null,null,null
963.704.780-30@done.msg.net,Roscoe,null,null,null
597.779.688-57@done.msg.net,Sister,24/12/2023,019.926.691-57,Danyka
982.047.189-46@done.msg.net,Ralph,null,null,null
158.890.683-07@done.msg.net,Orlando,null,null,null
433.815.598-57@done.msg.net,Osvaldo,null,null,null
899.913.987-40@done.msg.net,Westley,null,null,null
915.207.370-27@done.msg.net,Alberta,null,null,null
777.811.007-28@done.msg.net,Geraldine,null,null,null
545.602.742-26@done.msg.net,Karine,null,null,null
676.317.522-72@done.msg.net,Rollin,15/02/2024,418.393.190-01,Lucinda
985.423.432-06@done.msg.net,Darien,null,null,null
327.371.383-13@done.msg.net,Ned,null,378.323.259-98,null
671.524.345-77@done.msg.net,Madisyn,null,null,null
166.234.115-07@done.msg.net,Virgil,null,null,null
051.685.493-83@done.msg.net,Julian,null,null,null
358.834.341-20@done.msg.net,Jaunita,null,null,null
046.527.433-53@done.msg.net,Monica,30/09/2023,773.565.671-01,Haskell
551.309.453-71@done.msg.net,Vesta,null,null,null
310.038.543-19@done.msg.net,Hobart,null,null,null
608.177.375-09@done.msg.net,Rosetta,null,null,null
655.059.016-77@done.msg.net,Dortha,null,null,null
229.889.704-14@done.msg.net,Clementine,null,688.276.499-95,null
570.275.285-39@done.msg.net,Patrick,null,null,null
989.708.384-30@done.msg.net,Shemar,null,null,null
322.649.173-74@done.msg.net,Lavon,06/12/2023,540.205.932-01,Burley
073.289.427-76@done.msg.net,Alena,null,null,null
309.035.768-72@done.msg.net,Alice,14/12/2023,288.350.150-84,Florida
641.407.398-89@done.msg.net,Tanya,null,null,null
404.272.583-06@done.msg.net,Alda,null,null,null
347.128.449-27@done.msg.net,Jarrod,null,564.419.007-92,null
148.077.856-06@done.msg.net,Magnus,null,null,null
747.902.724-73@done.msg.net,Valentine,null,null,null
668.972.549-70@done.msg.net,Clint,30/11/2023,205.141.306-90,Laurine
086.202.499-56@done.msg.net,Travon,null,null,null
778.666.435-19@done.msg.net,Afton,null,null,null
313.213.930-17@done.msg.net,Lulu,24/12/2023,135.724.827-64,Brant
276.120.463-28@done.msg.net,Mabel,null,null,null
999.771.653-10@done.msg.net,Max,null,null,null
221.597.096-74@done.msg.net,Alfonso,null,881.616.317-61,null
549.845.157-97@done.msg.net,Dedrick,14/12/2023,840.187.574-16,Rodger
368.189.616-43@done.msg.net,Lucile,null,null,null
056.052.176-13@done.msg.net,Cortney,null,null,null
333.044.306-31@done.msg.net,Jaylen,null,null,null
336.660.241-82@done.msg.net,Brandy,null,null,null
008.043.570-87@done.msg.net,Rahsaan,null,null,null
705.414.170-74@done.msg.net,Harrison,null,null,null
703.731.025-55@done.msg.net,Kevon,null,null,null
212.317.798-00@done.msg.net,Kenyon,null,null,null
758.067.440-55@done.msg.net,Shanny,null,null,null
140.592.498-89@done.msg.net,Maximillia,null,null,null
051.982.713-26@done.msg.net,Pearlie,null,null,null
569.746.676-73@done.msg.net,Stuart,null,null,null
298.303.338-28@done.msg.net,Abbey,11/11/2023,740.665.395-93,Manuel
165.696.887-35@done.msg.net,Esteban,null,439.912.907-53,null
705.601.205-29@done.msg.net,Lawson,null,null,null
224.507.631-82@done.msg.net,Dawn,null,null,null
748.250.466-23@done.msg.net,Beaulah,22/09/2023,988.124.042-44,Guillermo
788.537.691-78@done.msg.net,Viola,null,null,null
435.644.918-36@done.msg.net,Einar,null,null,null
663.300.697-99@done.msg.net,Lue,null,null,null
422.585.321-35@done.msg.net,Ericka,null,null,null
095.061.559-48@done.msg.net,Lillie,null,null,null
678.928.810-49@done.msg.net,Abbigail,null,null,null
600.361.503-58@done.msg.net,Percy,null,null,null
873.196.969-98@done.msg.net,Theo,null,null,null
763.843.909-49@done.msg.net,Andres,null,null,null
363.231.153-21@done.msg.net,Iliana,null,null,null
371.425.704-08@done.msg.net,Van,null,null,null
755.091.099-13@done.msg.net,Laney,null,null,null
262.859.957-22@done.msg.net,Gennaro,06/10/2023,163.952.872-58,Sierra
577.749.240-73@done.msg.net,Jaylen,null,null,null
690.047.734-85@done.msg.net,Ora,null,null,null
101.143.253-24@done.msg.net,Jack,null,null,null
535.937.087-92@done.msg.net,Reina,null,null,null
841.187.972-25@done.msg.net,Alysa,null,982.784.271-83,null
161.258.468-24@done.msg.net,Odessa,null,null,null
766.269.074-11@done.msg.net,Maybell,null,null,null
404.639.335-63@done.msg.net,Lelia,18/01/2024,920.829.693-80,Luciano
210.599.264-98@done.msg.net,Arnulfo,null,null,null
092.962.166-61@done.msg.net,Maritza,null,null,null
841.061.228-99@done.msg.net,Kattie,25/11/2023,212.753.050-52,Tressie
662.910.561-61@done.msg.net,Ervin,null,null,null
608.609.779-71@done.msg.net,Ruthie,null,null,null
099.996.627-98@done.msg.net,Chaz,null,null,null
349.589.044-47@done.msg.net,Emory,null,null,null
368.141.678-18@done.msg.net,Jace,null,null,null
671.024.292-61@done.msg.net,Elliott,null,null,null
676.704.056-03@done.msg.net,Garry,null,440.780.313-74,null
098.274.247-47@done.msg.net,Berniece,null,null,null
307.212.253-44@done.msg.net,Bertha,null,null,null
043.010.818-66@done.msg.net,Hipolito,25/09/2023,931.771.916-63,Aditya
986.941.363-76@done.msg.net,Dominique,null,573.862.419-94,null
528.192.573-09@done.msg.net,Annette,null,null,null
193.267.977-05@done.msg.net,Shemar,null,null,null
252.391.249-40@done.msg.net,Cordia,null,null,null
039.563.069-51@done.msg.net,Tina,null,null,null
136.381.471-59@done.msg.net,Eddie,null,null,null
784.699.275-16@done.msg.net,Keara,null,928.871.681-56,null
608.225.738-04@done.msg.net,Asha,null,null,null
500.958.378-14@done.msg.net,Sierra,08/12/2023,636.502.291-38,Judd
182.106.822-39@done.msg.net,Justen,19/02/2024,896.428.333-58,Kamren
694.741.977-62@done.msg.net,Meggie,null,null,null
679.887.747-05@done.msg.net,Danyka,null,null,null
315.814.765-05@done.msg.net,Mayra,null,null,null
585.264.985-65@done.msg.net,Etha,null,null,null
818.416.269-97@done.msg.net,Demarco,null,null,null
926.253.198-23@done.msg.net,General,null,null,null
843.467.591-72@done.msg.net,Torrey,null,null,null
110.010.688-55@done.msg.net,Rogelio,null,null,null
207.134.345-68@done.msg.net,Korbin,null,null,null
629.312.783-79@done.msg.net,Candice,28/01/2024,946.255.709-06,Nat
768.898.042-12@done.msg.net,Jess,null,null,null
542.322.158-41@done.msg.net,Michale,null,null,null
224.230.652-42@done.msg.net,Germaine,null,null,null
316.658.112-26@done.msg.net,Zola,null,967.537.761-17,null
807.559.072-73@done.msg.net,Bernardo,null,190.745.875-62,null
855.071.357-44@done.msg.net,Dion,null,null,null
478.693.905-33@done.msg.net,Trycia,null,null,null
060.363.958-17@done.msg.net,Sadye,null,null,null
656.768.209-76@done.msg.net,Adaline,null,null,null
470.390.044-21@done.msg.net,Ramona,null,null,null
300.046.542-07@done.msg.net,Darren,null,null,null
393.976.536-08@done.msg.net,Danielle,null,null,null
238.952.034-22@done.msg.net,Lydia,null,null,null
275.359.480-07@done.msg.net,Chad,null,null,null
647.467.725-22@done.msg.net,Margaret,null,null,null
165.550.359-97@done.msg.net,Herminio,null,null,null
605.206.707-11@done.msg.net,Maximillian,null,null,null
509.448.094-12@done.msg.net,Sydnie,null,null,null
146.897.436-91@done.msg.net,Haven,null,648.308.287-50,null
839.766.434-04@done.msg.net,Jaron,null,null,null
931.694.261-91@done.msg.net,Nelson,null,null,null
973.455.788-84@done.msg.net,Andreane,null,null,null
863.041.601-94@done.msg.net,Daisha,null,null,null
983.731.778-35@done.msg.net,Alba,null,null,null
560.871.445-35@done.msg.net,Coleman,null,null,null
286.261.525-56@done.msg.net,Camila,null,null,null
777.396.528-43@done.msg.net,Caterina,null,null,null
600.721.184-91@done.msg.net,Gerry,null,null,null
211.094.396-48@done.msg.net,Reynold,null,null,null
066.875.589-85@done.msg.net,Raoul,null,null,null
757.331.312-74@done.msg.net,Abby,27/03/2024,680.433.889-29,Ally
929.667.479-65@done.msg.net,Santos,null,null,null
166.719.372-81@done.msg.net,Rashawn,null,null,null
263.654.454-94@done.msg.net,Bernita,null,null,null
078.367.304-77@done.msg.net,Sydnie,null,null,null
316.549.182-70@done.msg.net,Lillie,null,null,null
521.024.259-31@done.msg.net,Alysa,null,null,null
137.409.396-33@done.msg.net,Evans,null,null,null
247.957.130-46@done.msg.net,Marcel,null,null,null
555.207.299-57@done.msg.net,Alan,null,null,null
691.932.976-90@done.msg.net,Kayleigh,null,null,null
412.490.273-32@done.msg.net,Tanya,30/05/2024,105.069.233-90,Elinor
739.960.301-23@done.msg.net,Raphael,null,null,null
234.327.834-94@done.msg.net,Ilene,null,null,null
569.874.745-72@done.msg.net,Antonio,null,null,null
470.629.739-23@done.msg.net,Dorthy,null,null,null
811.551.205-65@done.msg.net,Albertha,null,null,null
986.470.753-08@done.msg.net,Guido,null,null,null
387.661.891-98@done.msg.net,Lee,null,null,null
549.635.080-68@done.msg.net,Lora,null,null,null
221.306.586-32@done.msg.net,Darwin,null,null,null
180.891.853-56@done.msg.net,Elissa,null,null,null
187.977.951-37@done.msg.net,Brionna,null,null,null
432.550.211-30@done.msg.net,Rudolph,null,null,null
920.750.765-07@done.msg.net,Kamille,null,null,null
175.405.409-12@done.msg.net,Roderick,null,null,null
112.957.244-02@done.msg.net,Scotty,null,380.263.738-79,null
526.123.223-04@done.msg.net,Sheila,null,null,null
196.840.384-36@done.msg.net,Joseph,null,073.917.317-32,null
354.775.651-06@done.msg.net,Eldon,null,null,null
020.380.973-28@done.msg.net,Eve,null,755.239.681-16,null
266.138.196-90@done.msg.net,Minerva,null,null,null
239.233.960-28@done.msg.net,Mckenzie,null,null,null
583.872.946-10@done.msg.net,Rebecca,null,null,null
852.181.106-89@done.msg.net,Linnie,null,null,null
321.655.681-56@done.msg.net,Matt,null,null,null
985.555.995-49@done.msg.net,Doyle,null,null,null
428.350.134-96@done.msg.net,Rodrick,null,null,null
630.575.289-18@done.msg.net,Delphia,null,null,null
072.550.376-83@done.msg.net,Dion,null,null,null
264.283.210-48@done.msg.net,Fausto,null,null,null
397.796.367-95@done.msg.net,Elisabeth,null,null,null
173.812.255-21@done.msg.net,Christa,21/03/2024,437.233.686-36,Ethel
929.017.272-22@done.msg.net,Cleora,null,null,null
200.078.410-15@done.msg.net,Willa,null,null,null
447.950.409-86@done.msg.net,Malachi,null,null,null
696.034.310-50@done.msg.net,Kirstin,null,null,null
263.518.952-04@done.msg.net,Guillermo,null,null,null
659.424.947-42@done.msg.net,Estella,null,null,null
899.519.189-56@done.msg.net,Marilie,null,null,null
000.221.603-92@done.msg.net,Itzel,null,null,null
987.030.596-46@done.msg.net,Akeem,09/01/2024,842.647.131-89,Werner
119.168.596-02@done.msg.net,Napoleon,null,null,null
071.430.480-47@done.msg.net,Rudy,null,938.233.616-89,null
426.457.644-03@done.msg.net,Meagan,null,null,null
280.031.951-44@done.msg.net,Lysanne,null,null,null
853.502.228-81@done.msg.net,Esta,null,null,null
665.292.486-97@done.msg.net,Eleonore,null,null,null
731.965.943-90@done.msg.net,Reba,null,null,null
640.785.964-75@done.msg.net,Mozelle,15/04/2024,668.756.065-08,Gonzalo
112.700.044-40@done.msg.net,null,null,null,null
933.060.000-95@done.msg.net,Darlene,null,null,null
405.904.814-68@done.msg.net,Hermann,null,457.681.682-91,null
924.412.344-20@done.msg.net,Emelia,null,null,null
387.012.009-55@done.msg.net,Claud,null,null,null
607.595.711-18@done.msg.net,Jamel,null,null,null
051.884.373-01@done.msg.net,Dorris,null,null,null
302.437.768-42@done.msg.net,Caterina,null,null,null
694.910.390-98@done.msg.net,Hubert,null,null,null
945.683.682-12@done.msg.net,Malcolm,null,null,null
997.139.677-83@done.msg.net,Zoie,null,null,null
078.007.353-48@done.msg.net,Shemar,null,469.702.498-58,null
726.689.036-04@done.msg.net,Agustina,null,null,null
552.668.104-34@done.msg.net,Margot,null,null,null
648.414.584-19@done.msg.net,Meta,null,921.553.764-24,null
859.127.180-34@done.msg.net,Treva,null,null,null
422.684.962-99@done.msg.net,Colby,null,null,null
809.638.840-61@done.msg.net,Geraldine,null,null,null
781.607.271-88@done.msg.net,Darren,null,551.885.596-12,null
951.393.971-05@done.msg.net,Ena,null,null,null
290.779.005-60@done.msg.net,Trinity,null,043.475.994-79,null
037.424.768-72@done.msg.net,Francisca,null,null,null
537.713.578-52@done.msg.net,Millie,null,null,null
244.970.457-53@done.msg.net,Crystel,null,805.829.733-30,null
420.590.048-72@done.msg.net,Osbaldo,null,543.973.788-91,null
096.797.483-22@done.msg.net,Opal,null,null,null
275.391.069-20@done.msg.net,Simone,null,null,null
712.269.506-92@done.msg.net,Blake,null,null,null
737.629.325-88@done.msg.net,Joesph,null,916.716.197-85,null
930.854.137-28@done.msg.net,Mazie,null,286.474.725-78,null
483.442.358-44@done.msg.net,Else,null,null,null
413.541.800-64@done.msg.net,Eduardo,null,null,null
192.265.006-98@done.msg.net,Kris,null,null,null
804.929.790-26@done.msg.net,Mae,null,null,null
893.876.377-70@done.msg.net,Quinton,07/12/2023,009.185.584-66,River
127.728.001-38@done.msg.net,Marshall,null,null,null
782.071.624-45@done.msg.net,Grant,null,null,null
297.196.442-07@done.msg.net,Austyn,null,null,null
494.622.233-64@done.msg.net,Corbin,null,null,null
473.666.916-75@done.msg.net,Stephania,null,677.901.275-92,null
843.325.238-47@done.msg.net,Verna,null,526.434.684-43,null
051.469.739-06@done.msg.net,Kraig,null,null,null
955.974.593-48@done.msg.net,Evelyn,null,545.017.426-16,null
740.882.834-63@done.msg.net,Ruby,null,868.405.918-86,null
767.195.358-56@done.msg.net,Jaida,null,null,null
340.931.198-46@done.msg.net,Claudia,null,null,null
761.051.112-04@done.msg.net,Joshuah,null,542.229.686-70,null
178.380.142-76@done.msg.net,Gussie,null,null,null
467.200.131-79@done.msg.net,Boris,null,238.481.871-64,null
084.533.918-35@done.msg.net,Jaida,null,null,null
331.508.132-76@done.msg.net,Tracey,null,null,null
329.719.982-21@done.msg.net,Brennan,null,null,null
504.628.224-22@done.msg.net,Adeline,null,null,null
893.825.962-66@done.msg.net,Alexane,null,null,null
990.003.563-37@done.msg.net,Jasmin,null,null,null
765.046.540-83@done.msg.net,Christa,null,null,null
879.297.625-87@done.msg.net,Vallie,null,null,null
295.829.183-58@done.msg.net,Clarissa,null,null,null
305.535.232-90@done.msg.net,Freddie,null,null,null
344.692.435-81@done.msg.net,Luna,null,null,null
235.437.734-42@done.msg.net,Darrel,null,null,null
112.191.815-03@done.msg.net,Ambrose,null,null,null
339.228.217-95@done.msg.net,Leta,null,null,null
381.933.943-14@done.msg.net,Liliana,null,null,null
374.586.286-38@done.msg.net,Stephen,null,032.684.086-69,null
217.747.904-30@done.msg.net,Abdullah,null,null,null
061.133.289-94@done.msg.net,Alysha,null,null,null
742.773.059-77@done.msg.net,Barry,null,294.185.405-24,null
640.207.044-53@done.msg.net,Giovanna,null,null,null
068.203.248-57@done.msg.net,Alice,null,null,null
989.432.587-50@done.msg.net,Christelle,null,null,null
666.140.834-76@done.msg.net,Lola,null,null,null
761.879.720-77@done.msg.net,Emile,null,null,null
435.687.091-43@done.msg.net,Eric,null,null,null
370.417.091-62@done.msg.net,Otilia,null,null,null
312.309.495-71@done.msg.net,Torrey,null,null,null
910.733.223-50@done.msg.net,Gayle,null,null,null
579.796.442-35@done.msg.net,Taurean,null,null,null
743.323.145-91@done.msg.net,Roger,null,null,null
553.601.238-21@done.msg.net,Vada,null,null,null
055.584.528-46@done.msg.net,Freeda,null,null,null
014.694.965-53@done.msg.net,Cathryn,null,null,null
114.993.950-45@done.msg.net,Alexis,null,null,null
029.122.743-50@done.msg.net,Matilda,null,null,null
339.105.957-81@done.msg.net,Armand,null,null,null
404.291.150-16@done.msg.net,Verda,null,null,null
599.962.096-85@done.msg.net,Blair,null,null,null
985.894.614-29@done.msg.net,Salvatore,null,null,null
742.053.478-04@done.msg.net,Freida,null,null,null
190.130.261-52@done.msg.net,Eldred,null,null,null
158.965.680-84@done.msg.net,Jabari,null,null,null
851.935.240-13@done.msg.net,Evalyn,null,null,null
958.507.435-31@done.msg.net,Earline,null,null,null
480.227.325-14@done.msg.net,Gerry,09/11/2023,041.550.262-34,Enola
121.337.886-71@done.msg.net,Edward,null,null,null
076.285.830-87@done.msg.net,Kayleigh,null,null,null
195.036.889-39@done.msg.net,Domenick,18/03/2024,982.917.769-23,Buck
512.425.957-66@done.msg.net,Jaquan,null,null,null
634.043.982-03@done.msg.net,Cleora,null,null,null
188.245.065-13@done.msg.net,Federico,25/11/2023,083.699.173-04,Nestor
447.684.961-88@done.msg.net,Leonardo,null,null,null
757.707.981-44@done.msg.net,Desiree,null,null,null
056.658.065-78@done.msg.net,Doyle,null,null,null
011.097.195-90@done.msg.net,Macey,null,741.900.511-95,null
029.414.023-95@done.msg.net,Ora,null,799.146.876-50,null
533.974.473-57@done.msg.net,Webster,null,null,null
740.817.957-76@done.msg.net,Melissa,null,null,null
210.375.737-97@done.msg.net,Jessie,null,null,null
231.578.465-67@done.msg.net,Duane,null,472.411.266-16,null
418.453.403-00@done.msg.net,Erick,null,null,null
150.978.570-00@done.msg.net,Isac,28/12/2023,216.297.162-59,Brando
504.004.038-81@done.msg.net,Hudson,null,438.647.745-26,null
105.901.695-41@done.msg.net,Merle,null,null,null
641.858.075-00@done.msg.net,Paolo,null,null,null
294.485.956-03@done.msg.net,Geo,null,null,null
043.302.328-61@done.msg.net,Odie,null,null,null
491.858.045-60@done.msg.net,Rylee,null,null,null
746.333.310-21@done.msg.net,Adele,null,null,null
980.333.204-65@done.msg.net,Brielle,null,null,null
601.200.698-73@done.msg.net,Camryn,null,null,null
986.624.876-22@done.msg.net,Colin,null,null,null
854.441.081-45@done.msg.net,Samir,null,null,null
045.036.321-09@done.msg.net,Vivian,null,null,null
420.816.190-98@done.msg.net,Bethany,null,303.900.503-12,null
420.811.736-14@done.msg.net,Roma,null,null,null
826.292.321-66@done.msg.net,Margot,null,029.988.798-97,null
565.902.738-19@done.msg.net,Jessy,null,null,null
169.364.450-94@done.msg.net,Jordi,null,null,null
419.244.304-46@done.msg.net,Idella,null,null,null
973.193.551-85@done.msg.net,Zora,null,null,null
281.937.803-21@done.msg.net,Madeline,null,null,null
328.885.455-19@done.msg.net,Jon,null,null,null
921.383.262-02@done.msg.net,Katelynn,null,null,null
275.879.543-09@done.msg.net,Carey,null,null,null
738.228.671-62@done.msg.net,Norval,null,440.938.495-10,null
424.720.935-33@done.msg.net,Emmanuel,null,null,null
727.265.026-80@done.msg.net,Jacklyn,null,849.572.983-90,null
669.296.626-57@done.msg.net,Taurean,null,null,null
734.474.403-63@done.msg.net,Jordy,null,182.057.263-67,null
552.964.836-52@done.msg.net,Dortha,null,null,null
893.035.130-05@done.msg.net,Glennie,27/03/2024,307.780.341-80,Bertrand
954.089.143-43@done.msg.net,Freddy,null,null,null
492.221.749-86@done.msg.net,Lempi,07/01/2024,827.141.482-77,Geovanny
925.663.974-27@done.msg.net,Jordon,18/10/2023,807.630.662-73,Baby
522.134.730-05@done.msg.net,Paxton,null,null,null
422.805.807-19@done.msg.net,Lonzo,null,null,null
496.485.553-96@done.msg.net,Amparo,null,null,null
881.345.826-48@done.msg.net,Kathleen,null,null,null
974.315.482-56@done.msg.net,Diego,null,null,null
205.687.075-36@done.msg.net,Kieran,null,272.485.615-91,null
578.442.378-00@done.msg.net,Karelle,null,null,null
824.454.939-03@done.msg.net,Quinn,null,null,null
473.209.277-67@done.msg.net,Julianne,null,null,null
362.386.974-20@done.msg.net,Allene,null,797.188.114-78,null
352.015.081-36@done.msg.net,Clovis,null,null,null
213.771.636-94@done.msg.net,Abraham,null,409.138.537-01,null
428.904.171-90@done.msg.net,Emelia,null,null,null
908.483.186-59@done.msg.net,Lera,null,null,null
612.596.261-23@done.msg.net,Ally,null,null,null
368.844.136-25@done.msg.net,Casimer,null,null,null
447.354.383-84@done.msg.net,Abdullah,02/03/2024,805.822.573-29,Solon
688.717.755-85@done.msg.net,Gianni,null,756.838.043-86,null
459.719.694-05@done.msg.net,Guy,null,null,null
134.622.068-27@done.msg.net,Loyal,null,467.267.371-94,null
596.759.885-02@done.msg.net,Clemmie,25/11/2023,147.370.706-27,Wilhelm
143.724.742-57@done.msg.net,Alessandra,null,921.451.809-21,null
630.477.774-37@done.msg.net,Aubrey,null,null,null
681.112.436-77@done.msg.net,Athena,null,null,null
436.916.810-92@done.msg.net,Ocie,null,869.516.682-18,null
702.790.334-70@done.msg.net,Annabell,19/12/2023,747.682.101-59,Sonia
751.325.890-42@done.msg.net,Camron,null,null,null
789.710.582-19@done.msg.net,Colleen,null,null,null
028.217.687-37@done.msg.net,Halie,27/01/2024,241.856.223-34,Kirsten
174.338.779-03@done.msg.net,Juwan,null,null,null
422.031.647-54@done.msg.net,Adolf,07/02/2024,340.534.352-74,Fermin
219.749.531-97@done.msg.net,Kristopher,null,null,null
694.100.518-82@done.msg.net,Frieda,null,null,null
097.815.463-02@done.msg.net,Florida,null,null,null
980.088.753-28@done.msg.net,Enola,null,null,null
094.254.277-33@done.msg.net,Bethel,null,null,null
460.970.864-97@done.msg.net,Sidney,29/02/2024,429.830.377-69,Lilly
524.829.344-20@done.msg.net,Brady,null,null,null
084.522.303-30@done.msg.net,Sasha,null,null,null
266.635.013-89@done.msg.net,Columbus,null,null,null
270.721.645-65@done.msg.net,Norberto,null,null,null
155.802.824-33@done.msg.net,Monique,10/06/2024,708.036.028-62,Kristy
686.271.078-16@done.msg.net,Tatum,null,null,null
313.621.030-29@done.msg.net,Bradley,04/12/2023,616.841.965-23,Hans
878.328.958-67@done.msg.net,Jesus,06/03/2024,502.947.025-20,Hillary
457.524.394-87@done.msg.net,Joanne,null,null,null
906.673.694-33@done.msg.net,Keshaun,null,null,null
594.767.884-17@done.msg.net,Minnie,28/04/2024,064.128.264-45,Domenico
565.723.642-72@done.msg.net,Ephraim,null,null,null
600.872.458-27@done.msg.net,Damion,null,null,null
426.962.019-95@done.msg.net,Jeanne,null,null,null
810.438.130-67@done.msg.net,Ramiro,null,null,null
966.704.719-79@done.msg.net,Marcelle,14/12/2023,293.638.860-03,Darwin
208.752.766-03@done.msg.net,Kole,null,null,null
904.312.102-37@done.msg.net,Dean,25/03/2024,343.374.499-25,Raoul
612.349.084-47@done.msg.net,Wilhelmine,null,null,null
081.183.837-76@done.msg.net,Jody,null,null,null
619.048.494-33@done.msg.net,Zion,null,650.072.750-31,null
961.741.287-72@done.msg.net,Audreanne,26/12/2023,944.339.388-45,Rosalinda
713.054.953-30@done.msg.net,Idella,null,null,null
463.912.899-75@done.msg.net,Corbin,02/03/2024,793.748.650-90,Jared
823.697.151-86@done.msg.net,Sabrina,null,null,null
936.843.752-24@done.msg.net,Sincere,null,null,null
832.988.931-03@done.msg.net,Jimmie,null,null,null
856.512.031-56@done.msg.net,Kavon,null,null,null
854.453.934-68@done.msg.net,Ali,null,null,null
056.693.191-80@done.msg.net,Gaetano,null,null,null
753.786.280-64@done.msg.net,Noble,16/05/2024,387.134.343-34,Jasmin
443.289.234-14@done.msg.net,Hellen,null,null,null
667.155.902-24@done.msg.net,Javier,null,null,null
574.953.250-72@done.msg.net,Kyleigh,null,null,null
166.987.615-79@done.msg.net,Barton,null,null,null
235.331.550-27@done.msg.net,Isaias,null,null,null
609.590.528-42@done.msg.net,Lily,null,null,null
401.566.227-13@done.msg.net,Lenore,null,null,null
819.308.356-04@done.msg.net,Edward,null,null,null
828.795.696-46@done.msg.net,Naomi,null,null,null
857.786.247-91@done.msg.net,Thea,24/08/2023,885.521.555-40,Sierra
462.600.639-98@done.msg.net,Willy,02/01/2024,419.802.937-35,Aliya
328.619.662-89@done.msg.net,Jason,null,null,null
614.346.026-53@done.msg.net,Payton,null,null,null
917.387.375-58@done.msg.net,Juanita,null,null,null
554.527.312-03@done.msg.net,Adriel,null,null,null
558.770.380-12@done.msg.net,Parker,null,null,null
456.074.721-17@done.msg.net,Rosalia,null,null,null
458.672.206-67@done.msg.net,Sydnee,null,null,null
119.154.363-91@done.msg.net,Nella,null,null,null
455.351.730-05@done.msg.net,Betty,null,null,null
741.113.490-89@done.msg.net,Boris,null,null,null
871.592.208-12@done.msg.net,Mariano,null,044.515.993-72,null
117.596.596-01@done.msg.net,Flavio,null,null,null
442.436.985-02@done.msg.net,Ceasar,null,null,null
479.624.516-08@done.msg.net,Estell,null,504.622.547-78,null
332.474.399-76@done.msg.net,Edwina,null,null,null
913.652.729-63@done.msg.net,Erica,25/12/2023,501.719.262-60,Al
126.642.169-55@done.msg.net,Lily,null,null,null
117.566.394-56@done.msg.net,Alicia,null,null,null
174.823.279-89@done.msg.net,Alan,null,null,null
594.304.172-54@done.msg.net,Greta,null,null,null
524.631.208-02@done.msg.net,Winona,null,null,null
387.673.602-60@done.msg.net,Steve,null,null,null
601.024.166-57@done.msg.net,Aidan,null,null,null
391.821.050-08@done.msg.net,Jairo,null,null,null
102.527.592-67@done.msg.net,Lorine,null,null,null
102.122.483-80@done.msg.net,Avis,null,null,null
634.549.059-76@done.msg.net,Ethan,19/02/2024,786.415.906-20,Merlin
925.156.702-74@done.msg.net,Eddie,null,null,null
274.604.811-06@done.msg.net,Kali,null,null,null
268.193.010-85@done.msg.net,Jacklyn,null,null,null
717.523.812-09@done.msg.net,Jaclyn,null,null,null
252.559.893-29@done.msg.net,Juana,null,null,null
579.756.340-37@done.msg.net,Brooklyn,01/02/2024,256.419.721-87,Concepcion
906.454.020-42@done.msg.net,Stan,null,649.250.544-90,null
907.788.525-94@done.msg.net,Devan,null,null,null
688.016.952-55@done.msg.net,Genesis,null,null,null
723.259.031-44@done.msg.net,Agustina,null,null,null
233.682.781-65@done.msg.net,Marion,null,null,null
585.990.329-67@done.msg.net,Nedra,null,null,null
299.177.997-89@done.msg.net,Shany,null,null,null
929.811.468-85@done.msg.net,Harold,null,null,null
982.060.916-05@done.msg.net,Emanuel,null,null,null
467.850.588-73@done.msg.net,Angelita,null,null,null
694.682.741-56@done.msg.net,Jeremy,null,null,null
065.758.462-24@done.msg.net,Unique,18/06/2024,007.142.718-71,Guillermo
633.909.528-88@done.msg.net,Shanel,null,527.635.520-73,null
232.219.961-45@done.msg.net,Dasia,null,null,null
600.352.883-27@done.msg.net,Vallie,null,452.241.436-77,null
526.907.127-21@done.msg.net,Makenna,30/03/2024,831.740.621-34,Myah
397.505.397-20@done.msg.net,Janis,09/05/2024,455.186.984-47,Jovan
806.226.168-66@done.msg.net,Sonny,null,null,null
093.657.719-62@done.msg.net,Amaya,22/10/2023,046.414.280-35,Verlie
325.969.450-45@done.msg.net,Chaim,null,042.846.351-93,null
651.353.366-06@done.msg.net,Christa,null,null,null
506.045.649-84@done.msg.net,Patsy,null,447.915.314-89,null
052.605.896-96@done.msg.net,Jada,null,null,null
000.395.753-87@done.msg.net,Jenifer,null,null,null
485.206.731-37@done.msg.net,Estevan,null,null,null
892.762.387-68@done.msg.net,Lurline,25/02/2024,074.989.144-68,Lilliana
402.284.313-30@done.msg.net,Giovanny,null,458.314.133-13,null
744.329.982-93@done.msg.net,Cassandre,null,null,null
956.488.374-64@done.msg.net,Randall,null,null,null
536.703.200-42@done.msg.net,Bonnie,null,null,null
256.020.480-20@done.msg.net,Lela,null,null,null
584.981.611-36@done.msg.net,Rod,null,null,null
889.736.779-49@done.msg.net,Eliza,null,975.798.331-55,null
326.748.622-35@done.msg.net,Karley,null,null,null
504.144.211-44@done.msg.net,Jermaine,null,null,null
149.084.992-82@done.msg.net,Devan,null,null,null
684.415.320-95@done.msg.net,Macy,null,null,null
173.761.385-83@done.msg.net,Fabiola,18/08/2023,101.547.514-70,Maxwell
386.248.589-00@done.msg.net,Eleanore,null,null,null
260.082.289-47@done.msg.net,Vallie,30/01/2024,707.254.835-35,Torrance
731.767.767-08@done.msg.net,Guy,null,054.731.219-69,null
173.794.548-03@done.msg.net,Dalton,null,null,null
342.323.971-65@done.msg.net,Erick,17/05/2024,986.415.821-81,Destini
450.710.984-61@done.msg.net,Blake,null,null,null
428.550.197-88@done.msg.net,Alvera,null,null,null
640.493.772-89@done.msg.net,Deanna,null,null,null
558.241.671-98@done.msg.net,Myrl,null,null,null
614.864.937-51@done.msg.net,Art,null,739.885.694-68,null
760.580.300-70@done.msg.net,Cassandre,null,null,null
794.684.726-32@done.msg.net,Mabel,05/04/2024,207.890.795-48,Cicero
573.814.992-46@done.msg.net,Layla,22/01/2024,223.187.149-06,Elmira
284.833.263-87@done.msg.net,Johann,null,null,null
236.309.620-74@done.msg.net,Hassie,08/07/2023,151.605.955-62,Rasheed
847.228.914-50@done.msg.net,Sonia,null,null,null
739.661.222-87@done.msg.net,Katelyn,null,null,null
962.509.011-06@done.msg.net,Lindsay,null,null,null
250.984.845-43@done.msg.net,Lelah,null,null,null
005.489.940-72@done.msg.net,Liza,null,null,null
527.775.141-57@done.msg.net,Daphne,null,null,null
547.936.027-73@done.msg.net,Carmelo,null,null,null
064.730.720-34@done.msg.net,Dejah,26/09/2023,515.191.605-04,Davin
482.099.854-98@done.msg.net,Eden,null,null,null
316.487.767-38@done.msg.net,Miguel,null,null,null
767.295.135-91@done.msg.net,Berta,null,null,null
464.280.789-95@done.msg.net,Margret,null,null,null
558.270.453-38@done.msg.net,Hunter,null,null,null
733.817.649-31@done.msg.net,Myles,null,null,null
243.806.880-40@done.msg.net,Dallas,null,null,null
924.934.870-55@done.msg.net,Kali,12/01/2024,955.916.340-26,Laisha
048.334.969-86@done.msg.net,Mina,null,null,null
331.558.818-28@done.msg.net,Laney,null,803.520.797-47,null
656.452.594-81@done.msg.net,Pierce,null,null,null
222.676.592-78@done.msg.net,Valentina,null,null,null
693.837.120-96@done.msg.net,Reed,null,null,null
416.079.792-68@done.msg.net,Terrell,null,null,null
449.181.859-91@done.msg.net,Dwight,23/10/2023,433.851.814-27,Jaylen
059.519.496-37@done.msg.net,Lyda,12/04/2024,977.596.564-08,Theodora
092.813.933-35@done.msg.net,Monserrate,21/04/2024,162.014.155-13,Mireya
613.720.236-75@done.msg.net,Damian,null,null,null
541.584.803-66@done.msg.net,Marlen,17/06/2024,291.235.004-89,Candice
338.166.638-03@done.msg.net,Melyna,null,null,null
376.832.039-05@done.msg.net,Issac,null,null,null
886.452.241-77@done.msg.net,Tatyana,null,null,null
728.603.263-88@done.msg.net,Adolph,null,null,null
033.978.336-66@done.msg.net,Lavonne,null,742.051.562-00,null
130.688.862-32@done.msg.net,Arne,null,575.535.679-52,null
515.851.145-80@done.msg.net,Meaghan,null,null,null
680.300.547-32@done.msg.net,Luciano,null,null,null
568.970.246-51@done.msg.net,Antonetta,null,null,null
867.856.370-60@done.msg.net,null,null,null,null
036.085.527-33@done.msg.net,null,null,null,null
654.438.754-21@done.msg.net,Fae,null,008.949.529-32,null
538.180.468-43@done.msg.net,Amy,null,null,null
081.480.972-43@done.msg.net,null,null,null,null
068.299.913-31@done.msg.net,Doug,null,null,null
790.745.734-53@done.msg.net,Sibyl,null,451.256.705-65,null
875.779.762-86@done.msg.net,Macy,null,null,null
249.953.112-51@done.msg.net,Niko,null,null,null
772.795.964-23@done.msg.net,Marquise,null,473.433.055-96,null
610.234.892-08@done.msg.net,Camren,null,null,null
148.598.114-95@done.msg.net,Opal,null,null,null
338.812.671-85@done.msg.net,Sally,null,null,null
154.438.658-27@done.msg.net,Norma,null,null,null
589.039.769-05@done.msg.net,Cooper,null,946.653.139-77,null
091.434.883-09@done.msg.net,Marlen,29/11/2023,847.960.232-09,Mathilde
401.162.428-71@done.msg.net,Rudy,null,null,null
159.789.716-07@done.msg.net,Colby,null,null,null
647.387.385-39@done.msg.net,Zachariah,null,null,null
233.650.931-15@done.msg.net,Sydnie,null,null,null
401.962.407-08@done.msg.net,Zakary,null,null,null
989.084.425-39@done.msg.net,Ashly,null,813.471.426-14,null
795.632.367-26@done.msg.net,Tyreek,null,null,null
806.589.795-43@done.msg.net,Lenna,null,null,null
041.799.067-07@done.msg.net,Delilah,null,null,null
021.493.317-51@done.msg.net,Oleta,null,null,null
392.195.512-19@done.msg.net,Delmer,07/05/2024,000.876.421-29,Timmy
024.585.130-51@done.msg.net,June,null,null,null
872.942.826-74@done.msg.net,Juvenal,24/07/2023,326.479.219-47,Haskell
357.623.645-35@done.msg.net,Consuelo,null,null,null
641.549.050-34@done.msg.net,Dewayne,null,null,null
387.979.443-73@done.msg.net,Pat,null,null,null
203.693.759-98@done.msg.net,Anastasia,null,null,null
802.657.619-26@done.msg.net,Geovanny,null,null,null
015.177.729-88@done.msg.net,Niko,null,null,null
721.016.921-43@done.msg.net,Brendan,null,null,null
633.642.069-26@done.msg.net,Clement,null,null,null
716.370.332-90@done.msg.net,Juanita,null,null,null
608.192.651-52@done.msg.net,Quinten,null,null,null
937.693.863-92@done.msg.net,Kayli,null,152.807.726-26,null
770.582.024-12@done.msg.net,Foster,null,null,null
769.664.453-45@done.msg.net,Wilber,null,null,null
243.871.196-54@done.msg.net,Linwood,null,104.460.249-51,null
625.255.096-79@done.msg.net,Ericka,null,null,null
077.452.346-65@done.msg.net,Scot,null,null,null
001.550.104-82@done.msg.net,Wiley,null,null,null
748.296.282-14@done.msg.net,Cora,null,null,null
143.710.373-22@done.msg.net,Ebony,null,657.346.604-55,null
120.663.553-31@done.msg.net,Tremaine,null,null,null
263.325.148-19@done.msg.net,Sherman,null,null,null
638.423.627-50@done.msg.net,Reva,null,401.340.475-67,null
407.986.534-12@done.msg.net,Stefanie,null,920.026.638-25,null
614.214.918-93@done.msg.net,Emmanuelle,null,null,null
905.914.985-20@done.msg.net,Francisco,null,null,null
852.511.838-32@done.msg.net,Lizzie,null,null,null
456.726.436-90@done.msg.net,Domenico,null,null,null
849.186.629-72@done.msg.net,Zoe,null,null,null
432.241.012-69@done.msg.net,Shemar,null,null,null
358.378.415-59@done.msg.net,Ocie,null,null,null
068.916.084-40@done.msg.net,Maxine,null,null,null
565.494.987-36@done.msg.net,Pedro,28/11/2023,032.957.156-36,Alex
160.111.119-46@done.msg.net,Nyah,null,null,null
240.960.475-82@done.msg.net,Fatima,null,null,null
155.287.295-04@done.msg.net,Maximillian,null,null,null
035.475.929-01@done.msg.net,Myles,null,null,null
486.257.059-21@done.msg.net,Destiney,04/12/2023,634.937.230-22,Bethany
034.873.766-19@done.msg.net,Ervin,null,null,null
089.428.454-26@done.msg.net,Eve,null,null,null
846.172.528-57@done.msg.net,Travis,null,536.418.159-43,null
042.493.827-94@done.msg.net,Sabina,11/04/2024,488.731.933-39,Freda
857.376.008-91@done.msg.net,Jordy,null,null,null
015.465.488-95@done.msg.net,Marcus,null,null,null
103.499.883-67@done.msg.net,Peter,null,null,null
588.684.418-55@done.msg.net,Justina,21/09/2023,909.080.113-69,Arnold
231.669.135-87@done.msg.net,Gail,null,null,null
879.526.400-05@done.msg.net,Stanford,null,null,null
138.244.369-66@done.msg.net,Chandler,null,null,null
119.157.506-16@done.msg.net,Dianna,null,536.435.598-82,null
174.748.075-27@done.msg.net,Clementina,null,null,null
327.301.427-10@done.msg.net,Susanna,null,null,null
653.496.076-73@done.msg.net,Rubye,null,null,null
426.278.443-13@done.msg.net,Zelma,05/07/2023,658.452.148-76,Frederic
919.787.055-20@done.msg.net,Muriel,null,088.334.108-47,null
982.652.608-04@done.msg.net,Jewel,null,null,null
850.092.615-24@done.msg.net,Cordie,null,755.034.177-82,null
558.489.400-51@done.msg.net,Ahmad,11/10/2023,402.550.880-58,Malvina
183.327.010-06@done.msg.net,Braulio,null,null,null
710.206.940-46@done.msg.net,Faye,null,null,null
241.972.044-61@done.msg.net,Isaias,null,null,null
705.639.723-86@done.msg.net,Emely,null,null,null
528.625.806-76@done.msg.net,Kailey,null,null,null
403.125.690-41@done.msg.net,Elmo,null,null,null
814.900.989-58@done.msg.net,Opal,null,null,null
987.073.094-00@done.msg.net,Eula,null,null,null
634.247.709-51@done.msg.net,Vernice,null,null,null
830.399.115-52@done.msg.net,Michel,null,null,null
253.756.333-05@done.msg.net,Emmanuel,null,null,null
765.596.564-45@done.msg.net,Hans,null,380.125.305-55,null
007.660.498-17@done.msg.net,Mohamed,null,null,null
255.479.112-11@done.msg.net,Maximus,null,null,null
489.499.760-87@done.msg.net,Sammy,null,null,null
860.512.544-81@done.msg.net,Aniyah,null,null,null
732.979.966-14@done.msg.net,Antone,null,null,null
193.097.885-53@done.msg.net,Kaya,null,null,null
660.922.860-14@done.msg.net,Rebeca,null,null,null
280.670.222-27@done.msg.net,Javonte,18/07/2023,636.643.953-19,Lavinia
393.136.014-89@done.msg.net,Paris,null,198.257.971-82,null
554.118.684-58@done.msg.net,Clara,null,null,null
276.618.557-50@done.msg.net,Uriel,null,072.730.334-53,null
786.621.834-26@done.msg.net,Enrico,null,null,null
385.230.069-99@done.msg.net,Shea,null,null,null
677.493.100-49@done.msg.net,Darian,null,166.716.920-24,null
433.819.036-23@done.msg.net,Ashleigh,null,null,null
158.892.752-65@done.msg.net,Easton,null,null,null
671.129.964-12@done.msg.net,Pascale,null,null,null
411.249.414-44@done.msg.net,Ryann,null,null,null
157.836.927-57@done.msg.net,Uriah,null,null,null
796.604.140-97@done.msg.net,Sydney,null,null,null
827.565.080-92@done.msg.net,Briana,null,null,null
690.878.912-90@done.msg.net,Margaretta,null,null,null
931.344.941-14@done.msg.net,Stefan,null,null,null
095.668.321-99@done.msg.net,Javier,null,null,null
519.009.071-02@done.msg.net,Garett,null,null,null
202.962.207-93@done.msg.net,Anabelle,null,null,null
916.708.956-62@done.msg.net,Bethel,null,null,null
314.768.763-89@done.msg.net,Baylee,null,null,null
299.537.001-16@done.msg.net,Rolando,null,null,null
403.288.965-91@done.msg.net,Talia,null,null,null
061.592.930-36@done.msg.net,Osbaldo,null,785.159.435-01,null
916.172.062-32@done.msg.net,Rosario,null,null,null
921.316.509-20@done.msg.net,Lera,13/03/2024,210.468.636-66,Willow
508.391.947-19@done.msg.net,Nova,null,null,null
356.677.826-06@done.msg.net,Zita,null,null,null
447.318.135-06@done.msg.net,Jasper,null,null,null
958.535.671-32@done.msg.net,Emilio,null,null,null
064.393.345-79@done.msg.net,Clint,null,891.443.044-28,null
111.504.373-05@done.msg.net,Gabe,null,null,null
377.842.673-59@done.msg.net,Marco,24/07/2023,692.434.494-55,Junius
946.469.243-68@done.msg.net,Nasir,null,532.042.227-12,null
720.472.497-56@done.msg.net,Lavern,null,531.941.636-86,null
800.682.469-29@done.msg.net,Madisyn,null,null,null
394.907.823-09@done.msg.net,Keyon,null,null,null
063.788.194-13@done.msg.net,Betsy,null,null,null
532.426.833-75@done.msg.net,Leonora,null,null,null
670.095.571-17@done.msg.net,Audrey,null,null,null
989.189.406-22@done.msg.net,Alberta,null,null,null
464.559.771-37@done.msg.net,Roosevelt,null,null,null
121.560.094-54@done.msg.net,Kade,10/07/2023,779.057.198-01,Durward
803.577.580-10@done.msg.net,Leta,null,null,null
948.252.738-73@done.msg.net,Humberto,null,null,null
858.919.127-84@done.msg.net,Constantin,null,null,null
141.736.966-47@done.msg.net,Murray,null,null,null
489.623.330-36@done.msg.net,Rachelle,null,null,null
772.684.479-75@done.msg.net,Samara,null,null,null
387.205.075-51@done.msg.net,Waino,null,null,null
174.123.696-00@done.msg.net,Alba,null,null,null
657.672.961-41@done.msg.net,Alexis,null,null,null
403.864.838-01@done.msg.net,Norene,null,null,null
160.649.129-46@done.msg.net,Loren,29/09/2023,948.602.241-91,Belle
252.541.542-44@done.msg.net,Emmie,null,null,null
459.808.319-96@done.msg.net,Darrell,null,114.413.679-10,null
658.224.380-07@done.msg.net,Marta,null,null,null
728.567.126-88@done.msg.net,Elvis,null,null,null
318.124.534-04@done.msg.net,Monte,null,null,null
469.905.255-56@done.msg.net,Annalise,null,null,null
372.292.008-32@done.msg.net,Laurence,null,188.468.530-60,null
609.482.991-54@done.msg.net,Jerrell,null,null,null
368.471.693-57@done.msg.net,Matilda,null,659.291.018-66,null
498.139.734-85@done.msg.net,Carter,null,null,null
239.096.796-60@done.msg.net,Hazle,null,null,null
172.638.287-76@done.msg.net,Gilda,16/10/2023,190.708.553-05,Eldred
727.480.032-46@done.msg.net,Reina,null,null,null
444.676.768-63@done.msg.net,Jaren,null,null,null
487.921.632-02@done.msg.net,Otis,null,null,null
338.222.422-88@done.msg.net,Bonnie,09/12/2023,941.644.919-46,Jose
883.583.283-63@done.msg.net,Zena,null,null,null
886.830.230-99@done.msg.net,Janis,null,null,null
551.671.034-82@done.msg.net,Orion,null,null,null
960.211.128-29@done.msg.net,Cortez,null,null,null
138.407.914-50@done.msg.net,Ellie,null,null,null
471.489.981-46@done.msg.net,Jordy,null,null,null
523.738.238-22@done.msg.net,Heath,null,null,null
277.920.743-25@done.msg.net,Jessika,null,null,null
045.677.387-76@done.msg.net,Bryon,null,null,null
485.273.373-15@done.msg.net,Alec,null,null,null
289.651.875-00@done.msg.net,Mattie,null,null,null
693.228.952-77@done.msg.net,Krista,null,null,null
070.246.311-29@done.msg.net,Jaqueline,null,null,null
117.681.952-79@done.msg.net,Susan,20/12/2023,789.416.278-63,Elissa
059.026.915-45@done.msg.net,Jeffery,null,null,null
691.917.829-03@done.msg.net,Katrina,07/05/2024,662.048.743-97,Freeda
852.808.860-77@done.msg.net,Arvilla,null,null,null
102.843.924-58@done.msg.net,Cleo,null,null,null
751.391.286-31@done.msg.net,Ashlee,null,null,null
532.189.749-52@done.msg.net,Alycia,null,null,null
678.614.652-64@done.msg.net,Wilburn,null,null,null
771.280.321-41@done.msg.net,Damian,null,null,null
200.736.727-55@done.msg.net,Mittie,18/04/2024,074.361.967-09,Anastasia
424.287.035-01@done.msg.net,Magali,null,null,null
286.382.356-24@done.msg.net,Janice,null,null,null
193.030.930-74@done.msg.net,Royce,17/05/2024,082.736.838-12,Gwen
843.739.502-69@done.msg.net,Wallace,null,null,null
611.943.398-06@done.msg.net,Name,null,null,null
415.115.568-44@done.msg.net,Kip,null,null,null
786.858.353-15@done.msg.net,Archibald,null,null,null
739.228.959-18@done.msg.net,Cleve,null,null,null
504.724.640-41@done.msg.net,Margaretta,null,null,null
685.850.958-81@done.msg.net,Amira,null,null,null
214.951.812-58@done.msg.net,Zoe,24/08/2023,749.587.099-63,Price
258.942.154-31@done.msg.net,Sydnie,28/01/2024,713.448.709-31,Cesar
623.604.597-91@done.msg.net,Mia,18/03/2024,767.196.680-69,Breanna
801.466.447-10@done.msg.net,Spencer,null,null,null
288.337.364-60@done.msg.net,Haleigh,null,null,null
210.998.132-54@done.msg.net,Sylvan,null,null,null
958.277.195-60@done.msg.net,Clementine,null,953.700.410-09,null
126.323.432-50@done.msg.net,Kristina,null,null,null
001.115.263-21@done.msg.net,Woodrow,12/01/2024,379.163.171-94,Andy
739.884.149-84@done.msg.net,Veda,09/08/2023,794.894.904-88,Alexander
518.845.174-67@done.msg.net,Otha,null,null,null
416.969.811-38@done.msg.net,Ashlee,null,null,null
901.505.980-63@done.msg.net,Martin,null,714.794.477-48,null
273.203.308-81@done.msg.net,Torey,null,null,null
785.485.956-84@done.msg.net,Deja,null,null,null
230.779.322-10@done.msg.net,Hudson,null,null,null
820.910.713-19@done.msg.net,Merritt,null,null,null
443.467.193-17@done.msg.net,Bonita,null,null,null
195.501.738-93@done.msg.net,Lilian,null,null,null
880.224.841-40@done.msg.net,Presley,null,null,null
532.558.749-89@done.msg.net,Erna,null,null,null
084.082.729-70@done.msg.net,Janae,26/02/2024,496.765.769-20,Frieda
952.679.964-27@done.msg.net,Katheryn,null,null,null
884.388.092-78@done.msg.net,Esther,null,null,null
043.025.261-89@done.msg.net,Noah,null,null,null
335.172.267-74@done.msg.net,Magnus,null,null,null
691.345.273-03@done.msg.net,Jarvis,null,null,null
526.375.520-52@done.msg.net,Florine,14/10/2023,498.733.733-47,Olaf
170.791.032-16@done.msg.net,Norval,null,null,null
946.982.901-11@done.msg.net,Raphaelle,null,null,null
625.088.453-81@done.msg.net,Burdette,null,null,null
022.041.658-85@done.msg.net,Lysanne,null,null,null
707.343.440-76@done.msg.net,Rigoberto,null,null,null
761.046.451-62@done.msg.net,Armand,null,null,null
828.155.981-79@done.msg.net,Cicero,null,null,null
455.640.354-32@done.msg.net,Lamar,null,null,null
027.028.842-87@done.msg.net,Jackeline,null,null,null
386.845.000-15@done.msg.net,Cooper,null,null,null
025.213.624-26@done.msg.net,Max,null,null,null
444.329.229-12@done.msg.net,Isaac,29/05/2024,728.694.781-20,Estella
767.047.954-59@done.msg.net,Kevon,28/06/2023,913.660.481-14,Johnathon
621.484.761-43@done.msg.net,Margarett,null,null,null
693.592.280-28@done.msg.net,Kellen,null,973.321.311-88,null
093.049.557-51@done.msg.net,Devonte,null,null,null
680.011.478-03@done.msg.net,Millie,null,null,null
024.530.680-25@done.msg.net,Rahsaan,null,null,null
603.716.420-69@done.msg.net,Howell,null,null,null
940.828.678-04@done.msg.net,Jalyn,null,null,null
233.689.240-39@done.msg.net,Jeanne,null,null,null
512.378.131-27@done.msg.net,Francesco,null,440.305.869-18,null
260.947.178-28@done.msg.net,Lenny,null,null,null
885.915.923-98@done.msg.net,Guillermo,null,null,null
209.914.711-82@done.msg.net,Roger,null,null,null
592.201.687-44@done.msg.net,Eve,null,null,null
065.360.123-16@done.msg.net,Savanah,null,849.137.043-19,null
770.389.437-51@done.msg.net,Jazmin,null,299.309.048-74,null
757.188.700-01@done.msg.net,Darien,null,null,null
757.140.896-77@done.msg.net,Marques,null,null,null
972.387.806-24@done.msg.net,Stewart,null,null,null
033.043.580-61@done.msg.net,Gino,null,null,null
350.753.611-62@done.msg.net,Donnell,null,null,null
016.607.892-21@done.msg.net,Suzanne,null,null,null
818.933.094-16@done.msg.net,Stanley,null,null,null
457.517.063-90@done.msg.net,Tanner,null,null,null
038.679.443-01@done.msg.net,Kamron,null,096.292.043-57,null
656.363.970-49@done.msg.net,Nathen,null,null,null
086.881.932-02@done.msg.net,Amani,null,null,null
745.180.317-61@done.msg.net,Milton,24/04/2024,250.606.483-49,Nathen
271.289.505-64@done.msg.net,Shana,null,null,null
100.415.463-39@done.msg.net,Tessie,null,919.086.836-07,null
474.260.654-86@done.msg.net,Isabell,12/05/2024,579.953.387-71,Amely
931.381.108-63@done.msg.net,Pansy,null,null,null
919.882.039-99@done.msg.net,Zakary,null,null,null
916.717.828-01@done.msg.net,Kaleb,null,null,null
322.974.960-22@done.msg.net,Leonor,null,null,null
361.621.666-46@done.msg.net,Archibald,null,185.472.233-41,null
880.114.967-23@done.msg.net,Lloyd,null,null,null
763.208.835-84@done.msg.net,Kasey,null,null,null
851.202.953-31@done.msg.net,Walker,null,null,null
422.247.541-40@done.msg.net,Anne,null,null,null
683.178.613-47@done.msg.net,Julia,null,null,null
943.274.506-70@done.msg.net,Laney,null,849.713.208-28,null
692.426.814-55@done.msg.net,Anna,null,null,null
783.105.121-35@done.msg.net,Etha,null,null,null
061.208.746-10@done.msg.net,Cali,null,null,null
210.606.085-64@done.msg.net,Aisha,null,null,null
960.191.555-74@done.msg.net,Naomi,null,null,null
848.786.019-50@done.msg.net,Jared,null,null,null
737.198.726-28@done.msg.net,Charity,null,null,null
947.461.461-75@done.msg.net,Forrest,26/02/2024,449.068.035-57,Myles
659.144.869-02@done.msg.net,Orland,10/11/2023,498.702.503-43,Malinda
476.397.925-92@done.msg.net,Bernardo,null,null,null
418.813.297-85@done.msg.net,Paul,null,null,null
150.721.675-57@done.msg.net,Shyanne,null,null,null
744.836.274-01@done.msg.net,Julien,20/09/2023,440.839.993-24,Lemuel
798.123.668-97@done.msg.net,Colten,null,null,null
163.794.814-49@done.msg.net,Heber,null,null,null
791.180.999-04@done.msg.net,Mayra,null,null,null
584.458.192-08@done.msg.net,Leda,null,null,null
712.190.977-36@done.msg.net,Joe,19/10/2023,959.096.928-05,Alysha
569.033.500-53@done.msg.net,Beaulah,null,null,null
903.322.089-67@done.msg.net,Kenya,null,null,null
719.800.058-65@done.msg.net,Dillan,null,null,null
734.648.429-04@done.msg.net,Bonnie,null,null,null
083.608.054-87@done.msg.net,Mekhi,null,null,null
099.370.085-05@done.msg.net,Derrick,null,null,null
267.726.513-23@done.msg.net,Aubrey,null,082.201.590-09,null
693.280.108-11@done.msg.net,Addison,null,null,null
708.018.485-15@done.msg.net,Mossie,null,822.187.899-22,null
651.038.842-69@done.msg.net,Lolita,null,null,null
366.885.638-45@done.msg.net,Preston,null,null,null
927.507.591-51@done.msg.net,Kody,null,null,null
834.808.245-09@done.msg.net,Rita,null,null,null
606.031.050-62@done.msg.net,Price,null,null,null
189.955.642-08@done.msg.net,Justice,22/11/2023,131.096.545-84,Gabe
025.604.358-83@done.msg.net,Mae,27/02/2024,834.565.945-51,Angel
612.714.581-45@done.msg.net,Karen,null,null,null
532.540.602-26@done.msg.net,Jesus,null,null,null
673.312.127-84@done.msg.net,Denis,11/02/2024,105.137.367-04,Lenny
949.936.329-97@done.msg.net,Ambrose,null,700.332.342-20,null
006.979.758-00@done.msg.net,Norris,null,null,null
913.820.614-03@done.msg.net,Roderick,null,null,null
218.213.643-24@done.msg.net,Robbie,null,null,null
438.786.249-35@done.msg.net,Blaise,null,null,null
780.258.118-06@done.msg.net,Sarina,null,null,null
920.106.623-22@done.msg.net,Isabella,null,null,null
198.049.999-77@done.msg.net,Deon,null,144.021.721-53,null
247.482.173-60@done.msg.net,Bethel,null,null,null
774.642.183-13@done.msg.net,Rashad,null,null,null
418.192.982-38@done.msg.net,Alia,null,122.042.273-53,null
698.518.054-53@done.msg.net,Sarah,16/10/2023,679.220.129-17,Sonia
746.206.562-35@done.msg.net,Ubaldo,null,null,null
325.334.050-04@done.msg.net,Jordan,null,null,null
667.352.178-80@done.msg.net,Jayde,null,null,null
270.249.506-06@done.msg.net,Alphonso,23/09/2023,546.305.015-75,Pierre
969.757.418-88@done.msg.net,Tess,null,null,null
663.972.446-82@done.msg.net,Trenton,27/03/2024,583.255.416-17,Ashlynn
660.875.783-76@done.msg.net,Madilyn,null,null,null
158.311.540-42@done.msg.net,Elisha,null,null,null
573.089.350-33@done.msg.net,Elenor,null,null,null
491.516.438-51@done.msg.net,Charlotte,null,null,null
309.474.062-82@done.msg.net,Johan,null,null,null
138.217.624-61@done.msg.net,Terrell,null,null,null
709.855.085-00@done.msg.net,Abbey,null,null,null
535.975.714-06@done.msg.net,Darrell,null,null,null
252.297.556-95@done.msg.net,Harrison,null,null,null
607.779.132-85@done.msg.net,Monserrat,null,null,null
490.071.724-37@done.msg.net,Emmanuel,null,null,null
744.263.819-58@done.msg.net,Lyric,null,null,null
589.432.410-37@done.msg.net,Neoma,09/04/2024,379.610.922-45,Amir
309.367.909-49@done.msg.net,Fausto,null,null,null
812.480.538-38@done.msg.net,Jonatan,null,255.513.753-26,null
813.568.456-04@done.msg.net,Zander,null,null,null
130.430.185-79@done.msg.net,Jack,null,null,null
585.294.659-74@done.msg.net,Eliza,28/11/2023,780.982.984-43,Bert
838.241.736-65@done.msg.net,Johnnie,null,null,null
185.431.146-43@done.msg.net,Taurean,null,null,null
853.416.236-84@done.msg.net,Jordyn,null,null,null
541.382.302-18@done.msg.net,Bertha,null,null,null
135.835.311-68@done.msg.net,Letitia,null,null,null
405.686.301-15@done.msg.net,Cleora,null,584.223.228-31,null
512.220.052-76@done.msg.net,Kristoffer,null,914.251.323-61,null
978.186.712-06@done.msg.net,Brenda,null,null,null
582.913.843-19@done.msg.net,Mittie,null,085.989.198-34,null
405.753.166-64@done.msg.net,German,null,null,null
943.157.302-06@done.msg.net,Federico,null,null,null
526.853.163-25@done.msg.net,Cassie,null,null,null
357.130.009-38@done.msg.net,Chloe,null,null,null
523.671.680-37@done.msg.net,Alexandre,null,null,null
519.248.741-52@done.msg.net,Jeffery,null,null,null
321.878.104-31@done.msg.net,Ruth,null,null,null
638.444.607-81@done.msg.net,Precious,null,null,null
700.161.485-49@done.msg.net,Delta,null,406.310.171-59,null
926.858.547-48@done.msg.net,Keshawn,13/02/2024,152.920.871-24,Javon
808.070.945-28@done.msg.net,Brandi,null,null,null
533.373.949-63@done.msg.net,Rosina,null,null,null
437.337.798-55@done.msg.net,Trace,null,125.340.348-11,null
440.106.293-43@done.msg.net,Jaeden,null,null,null
363.864.607-62@done.msg.net,Gillian,25/06/2023,415.419.425-73,Ara
335.619.030-17@done.msg.net,Berneice,null,null,null
344.267.837-21@done.msg.net,Estella,null,null,null
680.038.995-32@done.msg.net,Vivienne,null,null,null
845.518.452-39@done.msg.net,Opal,05/07/2023,330.437.286-66,Orlando
235.071.030-64@done.msg.net,Yasmeen,null,null,null
323.339.741-07@done.msg.net,Tobin,null,null,null
666.382.223-44@done.msg.net,Ada,null,null,null
265.819.947-96@done.msg.net,Shanon,23/10/2023,074.258.314-49,Claude
639.744.831-63@done.msg.net,Brad,null,369.221.523-78,null
312.776.892-71@done.msg.net,Bethany,null,null,null
854.384.472-97@done.msg.net,Kenya,null,null,null
655.113.031-47@done.msg.net,Akeem,null,null,null
371.189.806-03@done.msg.net,Jaiden,null,null,null
662.710.346-89@done.msg.net,Amari,null,null,null
196.098.418-32@done.msg.net,Jayda,null,null,null
135.143.337-51@done.msg.net,Enrique,13/05/2024,828.005.139-37,Chadrick
740.914.428-75@done.msg.net,Dahlia,null,null,null
715.168.381-77@done.msg.net,Sally,null,null,null
122.046.202-19@done.msg.net,Evans,null,null,null
218.404.559-79@done.msg.net,Bernard,null,null,null
755.341.110-36@done.msg.net,Broderick,null,null,null
770.166.073-46@done.msg.net,Victoria,null,null,null
869.848.427-71@done.msg.net,Gonzalo,null,null,null
114.427.899-80@done.msg.net,Jana,null,null,null
554.834.444-14@done.msg.net,Betsy,null,null,null
374.713.825-05@done.msg.net,Ransom,null,null,null
711.493.579-50@done.msg.net,Stephon,null,null,null
215.204.883-35@done.msg.net,Asha,null,null,null
557.905.608-13@done.msg.net,Alexanne,null,null,null
127.111.649-07@done.msg.net,Stacy,null,032.025.411-48,null
657.371.805-12@done.msg.net,Alejandrin,null,null,null
756.696.148-15@done.msg.net,Heloise,null,null,null
759.291.504-38@done.msg.net,Kaci,null,null,null
787.194.373-65@done.msg.net,Reba,null,null,null
215.614.152-16@done.msg.net,Ulices,29/03/2024,678.886.200-33,Mozelle
889.240.734-12@done.msg.net,Lukas,null,null,null
138.080.279-13@done.msg.net,Nicholas,27/05/2024,150.465.649-82,Rosanna
294.606.260-65@done.msg.net,Carroll,null,null,null
595.903.014-17@done.msg.net,Oswald,null,null,null
485.519.096-32@done.msg.net,Shanelle,null,706.994.206-34,null
414.493.145-60@done.msg.net,Gideon,11/07/2023,574.906.556-97,Fatima
433.992.806-67@done.msg.net,Sim,null,null,null
624.732.844-11@done.msg.net,Gerhard,null,067.062.188-76,null
363.303.104-27@done.msg.net,Korey,null,null,null
504.443.594-17@done.msg.net,Evie,null,null,null
195.956.379-95@done.msg.net,Lorenza,null,null,null
021.071.222-90@done.msg.net,Rebeka,null,null,null
647.379.000-41@done.msg.net,Ilene,null,497.082.514-62,null
286.611.431-86@done.msg.net,Kaden,null,null,null
619.107.929-10@done.msg.net,Marta,null,774.802.315-76,null
396.383.051-82@done.msg.net,Dorothea,null,null,null
595.869.699-13@done.msg.net,Aurelio,null,null,null
115.600.107-96@done.msg.net,Casandra,null,null,null
956.949.730-45@done.msg.net,Marques,null,353.558.979-83,null
019.891.783-76@done.msg.net,Liza,null,375.734.145-91,null
056.926.980-67@done.msg.net,Fritz,13/08/2023,474.288.052-31,Myrtle
626.229.595-91@done.msg.net,Anabelle,null,012.691.598-51,null
647.044.475-75@done.msg.net,Tyrese,null,null,null
420.600.529-26@done.msg.net,Dorian,null,null,null
937.710.392-88@done.msg.net,Eriberto,null,null,null
481.052.560-92@done.msg.net,Celestine,null,null,null
153.439.103-30@done.msg.net,Nash,null,null,null
667.686.648-39@done.msg.net,Dorothea,null,null,null
539.148.511-89@done.msg.net,Tony,09/02/2024,305.966.048-47,Lysanne
091.672.770-83@done.msg.net,Marquis,10/04/2024,519.153.077-84,Waldo
375.598.798-46@done.msg.net,Elwyn,null,412.506.546-33,null
440.885.746-90@done.msg.net,Maryjane,null,null,null
138.732.579-15@done.msg.net,Abelardo,null,null,null
518.693.105-11@done.msg.net,Retta,null,null,null
798.681.371-44@done.msg.net,Betsy,null,null,null
127.711.710-97@done.msg.net,Isaias,null,null,null
820.182.053-34@done.msg.net,Kobe,null,null,null
596.187.761-97@done.msg.net,Melissa,null,null,null
692.230.405-80@done.msg.net,Brice,null,null,null
234.439.860-00@done.msg.net,Raleigh,null,419.671.305-11,null
414.491.332-33@done.msg.net,Orlo,null,null,null
704.425.625-89@done.msg.net,Leanna,null,null,null
670.758.188-70@done.msg.net,Leone,null,null,null
697.331.699-21@done.msg.net,Stacey,27/03/2024,951.893.750-45,Violette
833.331.801-40@done.msg.net,Jordane,null,null,null
417.599.645-21@done.msg.net,Lavern,null,null,null
401.044.815-01@done.msg.net,Shea,null,null,null
766.722.466-71@done.msg.net,Keanu,null,null,null
180.086.468-64@done.msg.net,Carlie,20/01/2024,505.026.160-04,Clinton
199.710.583-49@done.msg.net,Myrl,null,551.156.889-94,null
604.518.493-69@done.msg.net,Alec,null,null,null
131.928.950-54@done.msg.net,Jadon,null,null,null
455.069.768-98@done.msg.net,Brice,25/02/2024,986.676.942-16,Velva
503.025.148-51@done.msg.net,Johann,null,922.402.279-00,null
883.192.672-61@done.msg.net,Veda,null,null,null
500.497.780-95@done.msg.net,Izaiah,null,null,null
137.019.801-67@done.msg.net,Kenyatta,null,null,null
088.848.847-04@done.msg.net,Chanel,null,null,null
036.795.567-39@done.msg.net,Eugenia,null,null,null
455.426.641-30@done.msg.net,Ines,null,null,null
206.619.158-06@done.msg.net,Wilbert,null,null,null
014.881.278-13@done.msg.net,Bryana,null,null,null
583.234.118-26@done.msg.net,Alfonso,null,null,null
480.863.639-87@done.msg.net,Imogene,null,null,null
158.294.117-37@done.msg.net,Linwood,null,037.975.797-91,null
243.690.034-86@done.msg.net,Jaquelin,null,null,null
907.669.157-92@done.msg.net,Cornelius,null,803.055.345-95,null
410.699.286-84@done.msg.net,Kathryne,null,null,null
336.144.250-48@done.msg.net,Anika,null,null,null
150.888.923-64@done.msg.net,Felipa,null,864.494.441-87,null
013.947.808-07@done.msg.net,Jared,null,null,null
225.204.447-65@done.msg.net,Gabriel,null,null,null
849.114.453-31@done.msg.net,Allene,null,null,null
395.912.131-89@done.msg.net,Burley,null,null,null
785.504.857-83@done.msg.net,Neoma,null,null,null
947.628.057-93@done.msg.net,Consuelo,null,null,null
687.119.616-74@done.msg.net,Rigoberto,null,null,null
552.643.234-49@done.msg.net,Annabelle,null,null,null
252.414.415-85@done.msg.net,Alena,25/09/2023,809.379.192-57,Reva
932.645.345-56@done.msg.net,Allene,null,436.863.357-01,null
980.767.827-08@done.msg.net,Dominique,16/08/2023,441.317.179-18,Christophe
727.854.327-63@done.msg.net,Chester,null,376.662.041-07,null
179.753.267-07@done.msg.net,Efren,null,null,null
400.076.700-32@done.msg.net,Nadia,null,null,null
260.564.567-15@done.msg.net,Cullen,null,null,null
000.449.886-42@done.msg.net,Jabari,null,null,null
091.929.592-19@done.msg.net,Maude,null,null,null
601.142.725-57@done.msg.net,Geovany,null,null,null
742.514.392-86@done.msg.net,Providenci,null,null,null
775.986.047-99@done.msg.net,Lucas,null,null,null
133.801.441-04@done.msg.net,Addison,27/10/2023,877.651.643-62,Hildegard
205.504.568-30@done.msg.net,Leo,null,null,null
149.355.158-11@done.msg.net,Brady,null,null,null
865.938.514-46@done.msg.net,Jammie,null,null,null
399.491.577-58@done.msg.net,Dayna,null,null,null
007.263.261-16@done.msg.net,Tristian,null,null,null
507.321.980-81@done.msg.net,Una,null,null,null
742.569.204-46@done.msg.net,Mateo,null,null,null
322.097.370-67@done.msg.net,Dorcas,null,null,null
866.472.423-89@done.msg.net,Selena,23/04/2024,631.664.977-25,Clare
810.750.523-21@done.msg.net,Chelsie,null,null,null
283.534.794-79@done.msg.net,Destinee,null,322.266.038-18,null
506.360.932-48@done.msg.net,Kavon,null,null,null
056.425.678-76@done.msg.net,Loraine,null,null,null
957.312.778-14@done.msg.net,Lea,null,null,null
357.767.758-63@done.msg.net,Kobe,null,null,null
091.493.166-11@done.msg.net,Joshua,null,null,null
725.895.092-25@done.msg.net,Tristian,null,null,null
312.365.830-43@done.msg.net,Unique,null,null,null
206.996.882-21@done.msg.net,Jay,null,null,null
272.921.115-94@done.msg.net,Johanna,null,438.499.678-99,null
316.159.553-48@done.msg.net,Okey,null,null,null
324.873.762-25@done.msg.net,Adriel,null,null,null
702.154.781-31@done.msg.net,Monica,null,null,null
527.249.432-89@done.msg.net,Amira,null,484.443.112-84,null
722.581.563-38@done.msg.net,Laila,null,null,null
496.230.805-02@done.msg.net,Dorcas,null,901.933.160-34,null
668.114.665-73@done.msg.net,Frederic,14/01/2024,973.162.615-53,Vincenza
892.501.030-05@done.msg.net,Kyle,null,null,null
013.742.577-62@done.msg.net,Oren,null,null,null
234.889.455-66@done.msg.net,Eldred,null,null,null
800.517.228-87@done.msg.net,Oda,null,null,null
027.384.147-87@done.msg.net,Karson,null,null,null
401.755.954-48@done.msg.net,Meta,null,null,null
491.898.010-46@done.msg.net,Joany,null,286.257.123-87,null
488.121.085-89@done.msg.net,Vernie,01/06/2024,583.528.346-75,Elsie
063.192.751-61@done.msg.net,Lukas,null,null,null
036.962.872-98@done.msg.net,Anahi,null,null,null
528.972.933-28@done.msg.net,Mohammed,null,null,null
783.933.414-70@done.msg.net,Bridgette,null,null,null
387.370.454-22@done.msg.net,Eula,null,null,null
963.502.923-34@done.msg.net,Isabel,23/04/2024,532.499.398-24,Rosendo
136.472.331-75@done.msg.net,Pauline,null,null,null
072.468.416-62@done.msg.net,Katelynn,null,null,null
350.173.907-05@done.msg.net,Anastasia,null,null,null
487.311.441-69@done.msg.net,Sabina,08/02/2024,511.299.750-78,Pearl
419.921.645-95@done.msg.net,Ena,null,null,null
982.715.081-74@done.msg.net,Lavada,null,null,null
953.026.985-77@done.msg.net,Marc,null,null,null
110.238.886-62@done.msg.net,Ruby,null,null,null
073.988.430-34@done.msg.net,Jaydon,null,null,null
342.853.591-06@done.msg.net,Maegan,19/03/2024,807.837.739-43,Zula
299.511.798-02@done.msg.net,Sandra,null,null,null
540.526.455-49@done.msg.net,Jayda,null,null,null
847.727.777-67@done.msg.net,Ulises,null,null,null
282.832.636-42@done.msg.net,Heath,null,null,null
532.454.637-09@done.msg.net,Dax,null,null,null
462.879.580-62@done.msg.net,Berta,null,869.523.523-57,null
426.092.136-19@done.msg.net,Seth,null,null,null
657.725.275-46@done.msg.net,Maritza,null,null,null
462.313.204-26@done.msg.net,Katlyn,null,null,null
137.897.584-78@done.msg.net,Betsy,null,null,null
964.648.282-46@done.msg.net,Polly,null,331.900.427-62,null
862.967.690-27@done.msg.net,Magali,null,null,null
678.230.017-16@done.msg.net,Israel,null,null,null
276.614.408-80@done.msg.net,Kamryn,null,null,null
484.152.652-86@done.msg.net,Lea,null,490.579.236-22,null
056.801.690-95@done.msg.net,Tatum,null,null,null
590.536.061-47@done.msg.net,Lavon,null,null,null
690.800.208-33@done.msg.net,Karlie,04/03/2024,764.332.555-53,Adah
251.150.421-74@done.msg.net,Lavonne,null,null,null
595.305.796-01@done.msg.net,Nelda,null,null,null
887.376.785-25@done.msg.net,Dorothy,null,null,null
646.672.855-63@done.msg.net,Denis,null,null,null
280.916.284-45@done.msg.net,Maudie,null,null,null
661.501.154-87@done.msg.net,Leonardo,null,null,null
664.509.336-64@done.msg.net,Rosanna,null,null,null
020.672.952-24@done.msg.net,Laury,04/06/2024,212.539.075-94,D'angelo
198.792.621-23@done.msg.net,Mitchel,null,null,null
311.853.526-20@done.msg.net,Una,null,null,null
306.292.568-50@done.msg.net,Pearline,null,null,null
735.909.073-77@done.msg.net,Marian,null,null,null
446.690.531-33@done.msg.net,Xzavier,null,null,null
276.535.796-56@done.msg.net,Raphaelle,null,null,null
848.189.395-03@done.msg.net,Eric,26/02/2024,087.229.731-29,Lindsey
827.633.170-35@done.msg.net,Christina,null,null,null
545.701.984-29@done.msg.net,Shea,null,null,null
768.612.096-85@done.msg.net,Yessenia,null,null,null
380.378.365-47@done.msg.net,Casimir,null,null,null
867.246.495-44@done.msg.net,Hans,null,null,null
673.661.158-38@done.msg.net,Holly,null,null,null
156.403.531-50@done.msg.net,Cali,20/11/2023,422.808.786-04,Johnathan
836.439.646-80@done.msg.net,Rahul,null,null,null
231.725.109-93@done.msg.net,Florian,null,null,null
356.067.395-25@done.msg.net,Mariela,null,null,null
769.167.302-62@done.msg.net,Trace,null,null,null
092.981.285-34@done.msg.net,Vernie,null,null,null
537.284.394-39@done.msg.net,Rosalee,null,null,null
969.135.896-06@done.msg.net,Tyson,null,null,null
949.882.791-04@done.msg.net,Nils,null,null,null
866.568.022-54@done.msg.net,Lura,null,null,null
734.409.694-05@done.msg.net,Prince,null,null,null
419.062.101-06@done.msg.net,Electa,null,null,null
495.937.838-78@done.msg.net,Jerome,null,null,null
773.270.252-90@done.msg.net,Milton,null,null,null
833.628.088-81@done.msg.net,Vallie,null,998.702.214-98,null
795.875.297-72@done.msg.net,Ewell,null,null,null
918.024.149-48@done.msg.net,Eulalia,null,null,null
426.673.207-35@done.msg.net,Kara,null,null,null
757.327.901-67@done.msg.net,Lenora,null,null,null
564.938.577-48@done.msg.net,Anais,null,null,null
280.772.634-21@done.msg.net,Verna,null,null,null
030.764.845-54@done.msg.net,Bridgette,null,null,null
847.959.919-57@done.msg.net,Quinn,null,null,null
230.750.474-89@done.msg.net,Abigayle,null,null,null
181.431.997-93@done.msg.net,Owen,null,null,null
263.265.277-89@done.msg.net,Garth,01/11/2023,799.084.401-06,Rory
165.095.255-03@done.msg.net,Elliot,null,null,null
117.511.540-80@done.msg.net,Oleta,null,null,null
886.599.692-25@done.msg.net,Braden,null,null,null
585.525.306-03@done.msg.net,Vanessa,null,null,null
397.332.726-01@done.msg.net,Gregg,null,058.975.500-54,null
485.855.166-44@done.msg.net,Alivia,null,348.586.435-43,null
707.677.422-36@done.msg.net,Kasandra,null,null,null
410.607.320-91@done.msg.net,Giles,null,null,null
433.366.153-67@done.msg.net,Rosalind,null,null,null
008.434.941-46@done.msg.net,Alexandrea,null,null,null
048.179.639-12@done.msg.net,Ova,null,null,null
654.082.150-14@done.msg.net,Chase,null,null,null
987.365.835-73@done.msg.net,Scarlett,null,null,null
896.169.233-78@done.msg.net,Idell,null,null,null
768.728.325-34@done.msg.net,Ernie,null,null,null
073.161.286-90@done.msg.net,Jocelyn,null,null,null
907.626.884-44@done.msg.net,Neoma,null,null,null
989.765.428-32@done.msg.net,Jessy,null,null,null
609.881.332-52@done.msg.net,Lavern,21/06/2023,128.301.836-75,Reginald
365.404.475-37@done.msg.net,Alden,null,null,null
616.787.788-15@done.msg.net,Desiree,null,null,null
010.384.420-72@done.msg.net,Remington,null,null,null
419.564.465-31@done.msg.net,Stevie,29/09/2023,187.638.279-36,Merlin
571.976.091-80@done.msg.net,Lorena,null,null,null
934.756.159-11@done.msg.net,Myra,null,null,null
627.370.485-60@done.msg.net,Lois,null,null,null
586.200.616-07@done.msg.net,Braden,null,202.870.511-43,null
328.252.075-89@done.msg.net,Elliott,null,null,null
905.087.249-86@done.msg.net,Felicia,null,null,null
970.760.039-36@done.msg.net,Aurelio,null,null,null
746.104.996-78@done.msg.net,Matt,null,null,null
734.720.994-17@done.msg.net,Yadira,null,null,null
284.682.658-34@done.msg.net,Scottie,null,null,null
098.803.704-82@done.msg.net,Dorris,null,null,null
572.140.190-89@done.msg.net,Larry,null,769.422.642-14,null
214.820.805-31@done.msg.net,Jake,null,null,null
992.210.992-74@done.msg.net,Corine,null,333.957.306-33,null
286.775.992-73@done.msg.net,Ruthe,null,null,null
178.944.242-16@done.msg.net,Clifton,null,367.103.204-57,null
406.026.826-10@done.msg.net,Sophia,null,null,null
364.179.634-64@done.msg.net,Hassie,null,null,null
651.561.880-54@done.msg.net,Juliana,null,null,null
066.158.256-81@done.msg.net,Genesis,null,null,null
975.129.370-35@done.msg.net,Abigail,null,null,null
027.664.881-72@done.msg.net,Alayna,null,null,null
242.447.656-83@done.msg.net,Roma,31/01/2024,354.756.445-59,Dora
743.858.228-46@done.msg.net,Kevin,null,null,null
629.665.908-74@done.msg.net,Ben,null,null,null
280.829.039-01@done.msg.net,Jayda,null,null,null
671.393.238-57@done.msg.net,Keyon,15/10/2023,246.207.666-18,Ashly
210.404.546-89@done.msg.net,Ettie,13/02/2024,119.245.365-44,Estefania
678.064.632-38@done.msg.net,Hannah,null,110.169.237-92,null
027.308.902-23@done.msg.net,Buster,08/01/2024,932.743.286-29,Marcelino
028.133.871-62@done.msg.net,Krystel,null,null,null
184.131.643-03@done.msg.net,Rosemary,null,null,null
097.585.781-87@done.msg.net,Christophe,null,null,null
311.259.556-21@done.msg.net,Ahmad,null,null,null
726.200.853-49@done.msg.net,Shemar,null,null,null
459.009.382-51@done.msg.net,Chadd,null,null,null
362.876.214-60@done.msg.net,Makayla,02/02/2024,948.626.678-64,Maurine
135.997.008-45@done.msg.net,Conrad,null,null,null
198.621.544-86@done.msg.net,Adell,null,null,null
466.680.316-28@done.msg.net,Rhea,null,null,null
079.769.660-54@done.msg.net,Alva,10/06/2024,063.760.782-61,Anahi
970.902.630-31@done.msg.net,Deborah,null,null,null
946.104.422-97@done.msg.net,Jeanne,null,null,null
668.823.074-13@done.msg.net,Fleta,null,null,null
252.433.354-68@done.msg.net,Drake,null,488.766.174-78,null
187.969.829-40@done.msg.net,Neha,null,null,null
067.804.950-69@done.msg.net,Aiden,null,null,null
534.250.327-25@done.msg.net,Dangelo,null,null,null
186.162.868-33@done.msg.net,Tyshawn,null,null,null
650.427.475-17@done.msg.net,Kasey,null,625.495.311-27,null
296.259.538-43@done.msg.net,Darrin,26/05/2024,064.531.862-84,Berniece
960.543.487-37@done.msg.net,Diamond,14/01/2024,340.054.007-09,Noah
137.912.812-50@done.msg.net,Philip,null,202.605.826-63,null
568.950.149-16@done.msg.net,Milford,null,156.807.207-33,null
265.244.126-44@done.msg.net,Domenic,null,447.383.338-65,null
559.305.640-48@done.msg.net,Maxwell,null,null,null
073.820.361-60@done.msg.net,Crystal,null,null,null
233.418.508-75@done.msg.net,Ernestine,null,null,null
224.211.559-33@done.msg.net,Darrel,null,643.917.949-00,null
044.968.372-69@done.msg.net,Reid,null,null,null
791.187.576-35@done.msg.net,Ashly,08/06/2024,958.422.033-80,Wilfred
585.740.099-27@done.msg.net,Alexa,null,null,null
305.116.367-32@done.msg.net,Dorris,null,null,null
472.367.876-63@done.msg.net,Laurie,null,null,null
887.425.701-21@done.msg.net,Jayce,13/01/2024,587.171.801-79,Adeline
866.113.667-62@done.msg.net,Ismael,null,null,null
101.211.141-66@done.msg.net,Petra,null,null,null
930.050.752-23@done.msg.net,Marie,null,null,null
691.553.447-60@done.msg.net,Nicolas,null,null,null
035.945.898-47@done.msg.net,Nora,null,null,null
316.323.318-66@done.msg.net,Blaise,null,null,null
683.361.560-25@done.msg.net,Haven,04/08/2023,082.787.579-03,Lola
159.627.592-99@done.msg.net,Jennifer,null,530.354.781-89,null
053.908.374-16@done.msg.net,Sherwood,null,null,null
863.395.125-97@done.msg.net,King,null,334.726.545-62,null
864.301.398-00@done.msg.net,Elsa,null,null,null
091.035.418-37@done.msg.net,Leonel,null,null,null
340.615.906-76@done.msg.net,Carlo,null,null,null
846.279.107-61@done.msg.net,Eugenia,null,null,null
701.179.853-82@done.msg.net,Ova,null,null,null
319.067.249-11@done.msg.net,Frieda,01/09/2023,595.595.036-56,Myron
094.110.971-52@done.msg.net,Tabitha,null,null,null
302.511.125-50@done.msg.net,Domenic,null,null,null
904.702.194-92@done.msg.net,Weldon,null,153.399.454-09,null
039.946.800-33@done.msg.net,Annabel,null,null,null
485.481.160-49@done.msg.net,Margret,null,915.796.024-46,null
137.378.680-22@done.msg.net,Abagail,null,null,null
921.603.902-52@done.msg.net,Carol,null,null,null
479.644.031-38@done.msg.net,Francesca,null,null,null
915.621.285-00@done.msg.net,Tristin,null,null,null
798.009.820-74@done.msg.net,Lindsay,03/08/2023,462.899.994-03,Nadia
504.694.474-62@done.msg.net,Ryley,null,null,null
794.675.649-55@done.msg.net,Linnie,null,null,null
637.837.728-78@done.msg.net,Lambert,null,548.487.903-84,null
923.933.869-89@done.msg.net,Dustin,17/12/2023,665.573.018-71,Sydney
766.618.447-05@done.msg.net,Isom,null,null,null
649.911.355-24@done.msg.net,Bryon,null,null,null
393.829.004-31@done.msg.net,Alexandria,null,null,null
964.211.129-48@done.msg.net,Augustus,null,null,null
502.184.031-13@done.msg.net,Quinten,null,null,null
177.534.621-88@done.msg.net,Ludie,null,null,null
909.723.415-10@done.msg.net,Nicola,null,null,null
441.071.086-29@done.msg.net,Kenna,null,null,null
993.088.376-25@done.msg.net,Korbin,null,null,null
381.630.462-86@done.msg.net,Adolph,null,null,null
568.705.818-36@done.msg.net,Trever,null,400.455.368-78,null
449.158.641-18@done.msg.net,Shawna,null,null,null
165.885.185-21@done.msg.net,Simeon,null,null,null
342.143.231-27@done.msg.net,Samson,null,null,null
282.645.668-96@done.msg.net,Mona,null,753.420.943-00,null
489.140.975-15@done.msg.net,Brenda,null,null,null
465.637.920-54@done.msg.net,Leonor,null,null,null
141.297.976-30@done.msg.net,Elise,null,null,null
907.079.711-45@done.msg.net,Ella,null,null,null
393.881.113-55@done.msg.net,Isabelle,null,null,null
710.817.647-49@done.msg.net,Sebastian,null,null,null
637.046.526-83@done.msg.net,Jillian,null,null,null
758.704.424-49@done.msg.net,Alisa,null,null,null
022.044.945-23@done.msg.net,Willie,null,null,null
052.773.425-84@done.msg.net,Alanis,null,null,null
138.959.345-62@done.msg.net,Daisy,null,null,null
709.220.999-36@done.msg.net,Brittany,null,803.327.708-63,null
739.578.059-52@done.msg.net,Eda,03/05/2024,353.091.107-74,Earline
882.637.450-55@done.msg.net,Bette,06/03/2024,137.890.961-65,Donavon
195.291.509-61@done.msg.net,Jerald,null,null,null
648.538.669-43@done.msg.net,Sibyl,null,null,null
363.570.843-73@done.msg.net,Ahmed,null,null,null
619.065.836-41@done.msg.net,Elbert,null,null,null
464.912.767-65@done.msg.net,Zetta,14/05/2024,097.615.838-84,Amos
289.314.118-56@done.msg.net,Hardy,null,null,null
708.758.439-12@done.msg.net,Demetris,null,null,null
592.414.002-46@done.msg.net,Melisa,null,null,null
981.441.344-24@done.msg.net,Melany,null,null,null
955.285.046-34@done.msg.net,Carolina,13/09/2023,978.251.962-81,Jermain
686.503.645-86@done.msg.net,Perry,null,null,null
777.769.549-74@done.msg.net,Vincenza,11/08/2023,958.408.603-65,Unique
433.748.835-50@done.msg.net,Destin,null,null,null
383.814.583-60@done.msg.net,Lauretta,null,null,null
817.626.176-99@done.msg.net,Marley,null,null,null
468.124.172-83@done.msg.net,Leo,null,075.315.775-21,null
364.451.344-89@done.msg.net,Raoul,null,null,null
183.138.453-77@done.msg.net,Virginie,null,null,null
042.802.277-81@done.msg.net,Odessa,null,null,null
410.956.780-22@done.msg.net,Kyler,null,null,null
077.256.585-07@done.msg.net,Carson,null,null,null
236.451.304-75@done.msg.net,Kasey,null,null,null
008.234.176-84@done.msg.net,Roma,null,null,null
215.761.240-86@done.msg.net,Zoie,null,null,null
483.071.981-51@done.msg.net,Ladarius,null,null,null
836.080.658-35@done.msg.net,Brigitte,null,null,null
269.254.711-46@done.msg.net,Breanne,null,null,null
068.691.705-27@done.msg.net,Abdullah,null,null,null
991.719.147-91@done.msg.net,Harry,null,null,null
567.572.559-08@done.msg.net,Petra,null,null,null
271.228.273-55@done.msg.net,Brown,null,null,null
469.781.949-02@done.msg.net,Candace,null,null,null
189.184.723-51@done.msg.net,Otis,null,null,null
655.936.286-58@done.msg.net,Ari,null,null,null
381.430.707-26@done.msg.net,John,null,null,null
312.771.730-87@done.msg.net,Helena,null,null,null
316.141.787-63@done.msg.net,Solon,null,null,null
504.820.975-96@done.msg.net,Shyann,null,276.215.622-93,null
495.938.404-09@done.msg.net,Nels,null,null,null
594.283.429-18@done.msg.net,Sonia,null,null,null
372.758.341-65@done.msg.net,Zelma,null,null,null
665.050.226-13@done.msg.net,Domingo,null,null,null
716.439.166-67@done.msg.net,Iliana,null,null,null
025.833.722-65@done.msg.net,Owen,null,null,null
342.180.860-67@done.msg.net,Josiane,null,232.049.435-04,null
117.959.561-38@done.msg.net,Maryam,null,923.670.630-37,null
873.915.216-49@done.msg.net,Landen,null,null,null
188.534.319-39@done.msg.net,Kristopher,null,510.174.345-02,null
461.978.086-75@done.msg.net,Taryn,null,null,null
393.186.773-41@done.msg.net,Leanne,null,null,null
899.890.048-14@done.msg.net,Darrell,null,null,null
678.158.607-39@done.msg.net,Krystel,null,null,null
688.726.967-87@done.msg.net,Patricia,null,null,null
703.842.736-25@done.msg.net,Annie,null,null,null
541.111.953-91@done.msg.net,Alisha,null,null,null
740.217.498-77@done.msg.net,Ivory,null,null,null
221.932.781-79@done.msg.net,Gerhard,null,533.007.098-91,null
338.018.611-44@done.msg.net,Frieda,null,null,null
